category,display_name,id,hchs,definition,source,time,method,formula,equipment,link
01 - Demographics,Age,age,age,Age,hchs,baseline clinic visit,reported by subject,,,
01 - Demographics,Age,age,agegroup_c2,Age of the participant,hchs,baseline clinic visit,reported by subject,,,
01 - Demographics,Age,age,agegroup_c6,6-level Age Sub-groups,hchs,baseline clinic visit,reported by subject,,,
01 - Demographics,Age,age,agegroup_c6_nhanes,6-Level Age Groups (NHANES standardization),hchs,baseline clinic visit,reported by subject,,,
01 - Demographics,Ethnicity,ethnicity,bkgrd1,Background with Other reclassified,hchs,baseline clinic visit,reported by subject,,,
01 - Demographics,Ethnicity,ethnicity,bkgrd1_c6,Background with Other reclassified (collapsed categories),hchs,baseline clinic visit,reported by subject,,,
01 - Demographics,Ethnicity,ethnicity,bkgrd1_c7,7-level re-classification of Hispanic/Latino Background,hchs,baseline clinic visit,reported by subject,,,
01 - Demographics,Ethnicity,ethnicity,ethis,Ethnic identity score,hchs,baseline clinic visit,reported by subject,,,
01 - Demographics,Gender,gender,gender,"Gender (F=Female, M=Male)",hchs,baseline clinic visit,reported by subject,,,
01 - Demographics,Gender,gender,gendernum,Gender,hchs,baseline clinic visit,reported by subject,,,
01 - Demographics,Race,race,race,Race Group (self-report),hchs,baseline clinic visit,reported by subject,,,
01 - Demographics,Education,education,education_c2,Education Status (2 levels),hchs,baseline clinic visit,reported by subject,,,
01 - Demographics,Education,education,education_c3,Education Status (3 levels),hchs,baseline clinic visit,reported by subject,,,
01 - Demographics,Income,income,income,Yearly Household Income (ECEA3 and ECEA4),hchs,baseline clinic visit,reported by subject,,,
01 - Demographics,Income,income,income_c3,3-level grouped yearly household income,hchs,baseline clinic visit,reported by subject,,,
01 - Demographics,Income,income,income_c5,Yearly Household Income (collapsed categories),hchs,baseline clinic visit,reported by subject,,,
01 - Demographics,Employed,employed,employed,Employment Status (includes retirees),hchs,baseline clinic visit,reported by subject,,,
01 - Demographics,Shift work,shiftwork,,,,,,,,
02 - Anthropometry,Body mass index,bmi,bmi,Body Mass Index (BMI),hchs,baseline clinic visit,calculated,,,
02 - Anthropometry,Body mass index,bmi,bmigrp_c4,4-level grouped Body Mass Index - WHO,hchs,baseline clinic visit,calculated,,,
02 - Anthropometry,Body mass index,bmi,bmigrp_c6,6-level grouped Body Mass Index - WHO,hchs,baseline clinic visit,calculated,,,
02 - Anthropometry,Body mass index Z-Score,bmizscore,,,,,,,,
02 - Anthropometry,Height,height,height,Height (corrected),hchs,baseline clinic visit,measured,,wall mounted stadiometer,
02 - Anthropometry,Hip circumference,hipcircum,,,,,,,,
02 - Anthropometry,Neck circumference,neckcircum,,,,,,,,
02 - Anthropometry,Tonsilar size,tonsilsize,,,,,,,,
02 - Anthropometry,Waist circumference,waistcirum,,,,,,,,
02 - Anthropometry,Waist/hip ratio,waisthip,waist_hip,Waist to Hip Ratio,hchs,baseline clinic visit,calculated,,Gulick II 150 and 250 cm anthropometric tape,
02 - Anthropometry,Weight,weight,,,,,,,,
03 - Physiological Measurements,Diastolic blood pressure,diastolicbp,,,,,,,,
03 - Physiological Measurements,Heart rate,heartrate,,,,,,,,
03 - Physiological Measurements,Systolic blood pressure,systolicbp,,,,,,,,
03A - Physiological Measurements - Electrocardiogram,Atrial fibrillation - electrocardiogram,afibekg,,,,,,,,
04 - Medical History,Anxiety disorder,anixietyhist,,,,,,,,
04 - Medical History,Asthma,asthmahist,asthma_c4,4-level grouped Asthma Status,hchs,baseline clinic visit,reported by subject,,,
04 - Medical History,Asthma,asthmahist,asthma_c4_md,4-level grouped Asthma Status - by MD diagnosis,hchs,baseline clinic visit,reported by subject,,,
04 - Medical History,Asthma,asthmahist,asthma_curr,Current Asthma,hchs,baseline clinic visit,reported by subject,,,
04 - Medical History,Asthma,asthmahist,asthma_curr_md,Currently have asthma with ever MD diagnosis,hchs,baseline clinic visit,Physician diagnosed (self reported),,,
04 - Medical History,Asthma,asthmahist,asthma_ever,Ever had Asthma (self-report),hchs,baseline clinic visit,reported by subject,,,
04 - Medical History,Asthma,asthmahist,asthma_ever_md,Ever had asthma with MD diagnosis,hchs,baseline clinic visit,Physician diagnosed (self reported),,,
04 - Medical History,Asthma,asthmahist,asthma_meds,Asthma Med Use - self/scanned (curr asthma by MD diag),hchs,baseline clinic visit,Physician diagnosed (self reported)/scanned or transcribed medication use,,,
04 - Medical History,Atrial fibrillation - history,afibhist,,,,,,,,
04 - Medical History,Attention deficit hyperactivity disorder,adhdhist,,,,,,,,
04 - Medical History,Cancer - history,cancerhist,,,,,,,,
04 - Medical History,Cardiac arrhythmia - history,arrhythmiahist,,,,,,,,
04 - Medical History,Cardiovascular disease - history,cvdishist,,,,,,,,
04 - Medical History,Chronic obstructive pulmonary disease/emphysema - history,copdhist,copd_by_bd,COPD by BD Test,hchs,baseline clinic visit,measured,,SensorMedics 1022 dry-rolling seal volume spirometer/OMI spirometry software (version 5.05.11),
04 - Medical History,Chronic obstructive pulmonary disease/emphysema - history,copdhist,copd_by_bd_allpre,COPD by BD Test (for all valid PRE_BD),hchs,baseline clinic visit,measured,,SensorMedics 1022 dry-rolling seal volume spirometer/OMI spirometry software (version 5.05.11),
04 - Medical History,Chronic obstructive pulmonary disease/emphysema - history,copdhist,copd_ever,Self-report of ever had COPD/Emph or CB,hchs,baseline clinic visit,reported by subject,,,
04 - Medical History,Chronic obstructive pulmonary disease/emphysema - history,copdhist,copd_meds,COPD Med Use - self/scanned (ever COPD by MD diag),hchs,baseline clinic visit,Physician diagnosed (self reported)/scanned or transcribed medication use,,,
04 - Medical History,Chronic obstructive pulmonary disease/emphysema - history,copdhist,copd_self,Self-report of ever had COPD/Emph,hchs,baseline clinic visit,reported by subject,,,
04 - Medical History,Congestive heart failure - history,chfhist,,,,,,,,
04 - Medical History,Coronary artery disease - history,cadhist,chd_self,Self-reported CHD,hchs,baseline clinic visit,reported by subject,,,
04 - Medical History,Coronary artery disease - history,cadhist,prechd_angina,"Prevalent Coronary Heart Disease, including self-report",hchs,baseline clinic visit,reported by subject,,,
04 - Medical History,Coronary artery disease - history,cadhist,prechd_no_angina,Prevalent Coronary Heart Disease,hchs,baseline clinic visit,"ECG reports, self-report, or procedure (angioplasty, stent, bypass)",,,
04 - Medical History,Depression,depresshist,,,,,,,,
04 - Medical History,Diabetes mellitus - history,dmhist,diab_diag,Diabetes Diagnosis,hchs,baseline clinic visit,physician diagnosis,,,
04 - Medical History,Diabetes mellitus - history,dmhist,diabetes1,3-level grouped Diabetes ver.1,hchs,baseline clinic visit,physician diagnosis,,,
04 - Medical History,Diabetes mellitus - history,dmhist,diabetes2,3-level grouped Diabetes - ADA,hchs,baseline clinic visit,physician diagnosis,,,
04 - Medical History,Diabetes mellitus - history,dmhist,diabetes2_indicator,Diabetes Indicator - ADA,hchs,baseline clinic visit,physician diagnosis,,,
04 - Medical History,Diabetes mellitus - history,dmhist,diabetes3,3-level grouped Diabetes - includes self-report,hchs,baseline clinic visit,physician diagnosis/ self report criterion,,,
04 - Medical History,Diabetes mellitus - history,dmhist,diabetes_c4,4-level grouped diabetes (none/pre/treated/untreated),hchs,baseline clinic visit,derived,,,muea33c and med_antidaib.
04 - Medical History,Diabetes mellitus - history,dmhist,diabetes_lab,3-level grouped Diabetes - Lab,hchs,baseline clinic visit,venipuncture,,,
04 - Medical History,Diabetes mellitus - history,dmhist,diabetes_self,Diabetes - self report only,hchs,baseline clinic visit,reported by subject,,,
04 - Medical History,Diabetes mellitus - history,dmhist,dm_aware,Diabetes awareness at baseline,hchs,baseline clinic visit,reported by subject,,,
04 - Medical History,Diabetes mellitus - history,dmhist,dm_control,Diabetes controlled: DM Classified at Baseline and A1C < 7%,hchs,baseline clinic visit,physician diagnosis,,,
04 - Medical History,Eating disorder,eatingdishist,,,,,,,,
04 - Medical History,Eczema,eczemahist,,,,,,,,
04 - Medical History,Gastroesophageal reflux disease,gerdhist,,,,,,,,
04 - Medical History,Hay fever,hayfevhist,,,,,,,,
04 - Medical History,Hypercholesterolemia - history,cholesthist,,,,,,,,
04 - Medical History,Hypertension - history,htnhist,hypertension,Hypertension (BP>=140/90 and Med Use),hchs,baseline clinic visit,measured,,Sphygnomanometer - mercury,
04 - Medical History,Hypertension - history,htnhist,hypertension2,Hypertension using NHANES definition,hchs,baseline clinic visit,measured or self reported medication use,,Sphygnomanometer - mercury,
04 - Medical History,Hypertension - history,htnhist,hypertension_c4,4-level grouped hypertension (none/pre/treated/untreated),hchs,baseline clinic visit,measured,,Sphygnomanometer - mercury,
04 - Medical History,Migraine headache,migrainehist,,,,,,,,
04 - Medical History,Myocardial infarction - history,mihist,mi_ecg,MI defined by ECG results,hchs,baseline clinic visit,measured,,GEMSIT MAC 1200 portable electrocardiograph,
04 - Medical History,Pacemaker placement,ppmhist,,,,,,,,
04 - Medical History,Seizure disorder/epilepsy - history,seizurehist,,,,,,,,
04 - Medical History,Stroke - history,strokehist,cdcr,"Cerebrovascular Disease and Carotid Revascularization, self-report",hchs,baseline clinic visit,reported by subject,,,
04 - Medical History,Stroke - history,strokehist,stroke,"Prevalent Stroke, self report",hchs,baseline clinic visit,reported by subject,,,
04 - Medical History,Stroke - history,strokehist,stroke_tia,"Prevalent Stroke or TIA, self report",hchs,baseline clinic visit,reported by subject,,,
04 - Medical History,Taking cardiovascular medication,cvmedshist,,,,,,,,
04 - Medical History,Transient ischemic attack,tiahist,cdcr,"Cerebrovascular Disease and Carotid Revascularization, self-report",hchs,baseline clinic visit,reported by subject,,,
04 - Medical History,Transient ischemic attack,tiahist,stroke_tia,"Prevalent Stroke or TIA, self report",hchs,baseline clinic visit,reported by subject,,,
04 - Medical History,Peripheral vascular disease,pvdhist,claudication_int,Intermittent Claudication - either leg,hchs,baseline clinic visit,reported by subject,,,
04 - Medical History,"Revascularization (PTCA, CABG) - history",revaschist,,,,,,,,
04 - Medical History,Angina pectoris,anginahist,,,,,,,,
04 - Medical History,Cardiac arrest - history,cardarresthist,,,,,,,,
04 - Medical History,Bariatric surgery,bariatrichist,,,,,,,,
04A - Medical History - Sleep Disorders,History of adenoidectomy,adenoidhist,,,,,,,,
04A - Medical History - Sleep Disorders,History of adenotonsillectomy ,adenoidtonsilhist,,,,,,,,
04A - Medical History - Sleep Disorders,History of tonsillectomy,tonsilhist,,,,,,,,
04A - Medical History - Sleep Disorders,History of uvulopalatoplasty/oral surgery,upphist,,,,,,,,
04A - Medical History - Sleep Disorders,Insomnia,insomniahist,,,,,,,,
04A - Medical History - Sleep Disorders,Narcolepsy,narcolephist,,,,,,,,
04A - Medical History - Sleep Disorders,Periodic limb movement disorder,plmdhist,,,,,,,,
04A - Medical History - Sleep Disorders,Restless legs syndrome,rlshist,,,,,,,,
04A - Medical History - Sleep Disorders,Sleep apnea,apneahist,,,,,,,,
04A - Medical History - Sleep Disorders,Use of an oral appliance,oralapphist,,,,,,,,
04A - Medical History - Sleep Disorders,Use of CPAP,cpaphist,,,,,,,,
04A - Medical History - Sleep Disorders,Chronic insomnia disorder,chronicinsomniahist,,,,,,,,
04A - Medical History - Sleep Disorders,Short-term insomnia disorder,shortterminsomniahist,,,,,,,,
04A - Medical History - Sleep Disorders,Other insomnia disorder,otherinsomniahist,,,,,,,,
04A - Medical History - Sleep Disorders,"Obstructive sleep apnea, adult",osaadulthist,sbd5,Sleep Apnea Syndrome (Apnea/Hypopnea Index (3% desat)>=5 & ESS>=10),hchs,baseline clinic visit,reported by subject,,,
04A - Medical History - Sleep Disorders,"Obstructive sleep apnea, pediatric",osapedhist,,,,,,,,
04A - Medical History - Sleep Disorders,Central sleep apnea with Cheyne-Stokes breathing,csawithcheynehist,,,,,,,,
04A - Medical History - Sleep Disorders,Central apnea due to a medical disorder without Cheyne-Stokes breathing,csadisordwithoutcheynehist,,,,,,,,
04A - Medical History - Sleep Disorders,Central sleep apnea due to high altitude periodic breathing,csahighalthist,,,,,,,,
04A - Medical History - Sleep Disorders,Central sleep apnea due to a medication or substance,csamedsubhist,,,,,,,,
04A - Medical History - Sleep Disorders,Primary central sleep apnea,primarycsahist,,,,,,,,
04A - Medical History - Sleep Disorders,Primary central sleep apnea of infancy,primarycsainfhist,,,,,,,,
04A - Medical History - Sleep Disorders,Primary central sleep apnea of prematurity,primarycsapremhist,,,,,,,,
04A - Medical History - Sleep Disorders,Treatment-emergent central sleep apnea,treatemergcsahist,,,,,,,,
04A - Medical History - Sleep Disorders,Obesity hypoventilation syndrome,obeshypohist,,,,,,,,
04A - Medical History - Sleep Disorders,Congenital central alveolar hypoventilation syndrome,congencenthypohist,,,,,,,,
04A - Medical History - Sleep Disorders,Late-onset central hypoventilation with hypothalamic dysfunction,latecenthypohypothalhist,,,,,,,,
04A - Medical History - Sleep Disorders,Idiopathic central alveolar hypoventilation,idiopathcenthypohist,,,,,,,,
04A - Medical History - Sleep Disorders,Sleep related hypoventilation due to a medication or substance,sleephypomedsubhist,,,,,,,,
04A - Medical History - Sleep Disorders,Sleep related hypoventilation due to a medical disorder,sleephypodisordhist,,,,,,,,
04A - Medical History - Sleep Disorders,Narcolepsy type 1,narcoleptype1hist,,,,,,,,
04A - Medical History - Sleep Disorders,Narcolepsy type 2,narcoleptype2hist,,,,,,,,
04A - Medical History - Sleep Disorders,Idiopathic hypersomnia,idiopathhypersomhist,,,,,,,,
04A - Medical History - Sleep Disorders,Kleine-Levin syndrome,kleinelevinhist,,,,,,,,
04A - Medical History - Sleep Disorders,Hypersomnia due to a medical disorder,hypersomdisordhist,,,,,,,,
04A - Medical History - Sleep Disorders,Hypersomnia due to a medication or substance,hypersommedsubhist,,,,,,,,
04A - Medical History - Sleep Disorders,Hypersomnia associated with a psychiatric disorder,hypersompsychhist,,,,,,,,
04A - Medical History - Sleep Disorders,Insufficient sleep syndrome,insuffsleephist,,,,,,,,
04A - Medical History - Sleep Disorders,Sleep related leg cramps,sleeplegcramphist,,,,,,,,
04A - Medical History - Sleep Disorders,Sleep related bruxism,sleepbruxhist,,,,,,,,
04A - Medical History - Sleep Disorders,Sleep related rhythmic movement disorder,sleeprhthymmdhist,,,,,,,,
04A - Medical History - Sleep Disorders,Benign sleep myoclonus of infancy,sleepmyocloninfhist,,,,,,,,
04A - Medical History - Sleep Disorders,Propriospinal myoclonus at sleep onset,propmyoclonhist,,,,,,,,
04A - Medical History - Sleep Disorders,Sleep related movement disorder due to a medical disorder,sleepmddisordhist,,,,,,,,
04A - Medical History - Sleep Disorders,Sleep related movement disorder due to a medication or substance,sleepmdmedsubhist,,,,,,,,
04A - Medical History - Sleep Disorders,"Sleep related movement disorder, unspecified",sleepmdhist,,,,,,,,
05 - Medications,5-Lipoxygenase Inhibitor,5lipoxinh,,,,,,,,
05 - Medications,Cholinesterase Inhibitor,cholinh,,,,,,,,
05 - Medications,alpha-Adrenergic Blocker,alphablocker,med_antihypert,Antihypertensives,hchs,baseline clinic visit,Interviewer scanned/transcribed medications,,Medication Use Questionnaire ,
05 - Medications,alpha-Glucosidase Inhibitor,alphaglucos,med_antidiab,Antidiabetics,hchs,baseline clinic visit,Interviewer scanned/transcribed medications,,Medication Use Questionnaire ,
05 - Medications,Aldosterone Receptor Blocker,aldostblocker,med_antihypert,Antihypertensives,hchs,baseline clinic visit,Interviewer scanned/transcribed medications,,Medication Use Questionnaire ,
05 - Medications,Angiotensin 2 Receptor Blocker,arb,med_antihypert,Antihypertensives,hchs,baseline clinic visit,Interviewer scanned/transcribed medications,,Medication Use Questionnaire ,
05 - Medications,Angiotensin 2 Receptor Blocker,arb,med_antihypert_at2ras,Angiotensin II Receptor Antaognists,hchs,baseline clinic visit,Interviewer scanned/transcribed medications,,Medication Use Questionnaire ,
05 - Medications,Angiotensin Converting Enzyme Inhibitor,aceinh,med_antihypert,Antihypertensives,hchs,baseline clinic visit,Interviewer scanned/transcribed medications,,Medication Use Questionnaire ,
05 - Medications,Angiotensin Converting Enzyme Inhibitor,aceinh,med_antihypert_acei,ACE Inhibitors,hchs,baseline clinic visit,Interviewer scanned/transcribed medications,,Medication Use Questionnaire ,
05 - Medications,Antiarrhythmic,antiarrhyth,med_antiarrhythmics,AntiArrhythmics,hchs,baseline clinic visit,Interviewer scanned/transcribed medications,,Medication Use Questionnaire ,
05 - Medications,Anticholinergic,antichol,med_antiasthmatics,Antiasthmatic or bronchodilator agents,hchs,baseline clinic visit,Interviewer scanned/transcribed medications,,Medication Use Questionnaire ,
05 - Medications,Anti-coagulant,anticoag,med_anticoag,Anticoagulants,hchs,baseline clinic visit,Interviewer scanned/transcribed medications,,Medication Use Questionnaire ,
05 - Medications,Anti-coagulant,anticoag,med_anticoag_coumarin,Coumarin anticoagulants,hchs,baseline clinic visit,Interviewer scanned/transcribed medications,,Medication Use Questionnaire ,
05 - Medications,Anti-coagulant,anticoag,med_anticoag_heparin,Heparin anticoagulants,hchs,baseline clinic visit,Interviewer scanned/transcribed medications,,Medication Use Questionnaire ,
05 - Medications,Atypical Antipsychotic,atypicalantipsychot,med_antipsycho,Antipsychotics,hchs,baseline clinic visit,Interviewer scanned/transcribed medications,,Medication Use Questionnaire ,
05 - Medications,Benzodiazepine,benzo,med_antianxi,Antianxiety agents,hchs,baseline clinic visit,Interviewer scanned/transcribed medications,,Medication Use Questionnaire ,
05 - Medications,Beta 2 Adrenergic Agonist,betaagonist,med_antiasthmatics,Antiasthmatic or bronchodilator agents,hchs,baseline clinic visit,Interviewer scanned/transcribed medications,,Medication Use Questionnaire ,
05 - Medications,beta-Adrenergic Blocker,betablocker,med_antihypert,Antihypertensives,hchs,baseline clinic visit,Interviewer scanned/transcribed medications,,Medication Use Questionnaire ,
05 - Medications,beta-Adrenergic Blocker,betablocker,med_bb,Beta Blockers,hchs,baseline clinic visit,Interviewer scanned/transcribed medications,,Medication Use Questionnaire ,
05 - Medications,Biguanide,biguanide,med_antidiab,Antidiabetics,hchs,baseline clinic visit,Interviewer scanned/transcribed medications,,Medication Use Questionnaire ,
05 - Medications,Biguanide,biguanide,med_metformin,Metformins,hchs,baseline clinic visit,Interviewer scanned/transcribed medications,,Medication Use Questionnaire ,
05 - Medications,Bile Acid Sequestrant,bileacidseq,med_lld,Lipid lowering drugs/Antihyperlipidemics (LLD),hchs,baseline clinic visit,Interviewer scanned/transcribed medications,,Medication Use Questionnaire ,
05 - Medications,Calcium Channel Blocker,calcchanblocker,med_antihypert,Antihypertensives,hchs,baseline clinic visit,Interviewer scanned/transcribed medications,,Medication Use Questionnaire ,
05 - Medications,Calcium Channel Blocker,calcchanblocker,med_cacb,Calcium Channel Blockers,hchs,baseline clinic visit,Interviewer scanned/transcribed medications,,Medication Use Questionnaire ,
05 - Medications,Cardiac Glycoside,digitalis,med_cardiacglycosides,Cardiac Glycosides,hchs,baseline clinic visit,Interviewer scanned/transcribed medications,,Medication Use Questionnaire ,
05 - Medications,Central Nervous System Stimulant,cnsstimulant,,,,,,,,
05 - Medications,Corticosteroid,corticoster,,,,,,,,
05 - Medications,Dihydropyridine Calcium Channel Blocker,dhpcalchanblocker,med_antihypert,Antihypertensives,hchs,baseline clinic visit,Interviewer scanned/transcribed medications,,Medication Use Questionnaire ,
05 - Medications,Dipeptidyl Peptidase 4 Inhibitor,dpp4inh,med_antidiab,Antidiabetics,hchs,baseline clinic visit,Interviewer scanned/transcribed medications,,Medication Use Questionnaire ,
05 - Medications,Estrogen,estrogen,med_current_hrt,Any Hormone Repl. Therapy,hchs,baseline clinic visit,Interviewer scanned/transcribed medications,,Medication Use Questionnaire ,
05 - Medications,Estrogen,estrogen,med_estrogen_combo,Estrogens - Combinations Only,hchs,baseline clinic visit,Interviewer scanned/transcribed medications,,Medication Use Questionnaire ,
05 - Medications,Estrogen,estrogen,med_estrogens,Estrogens,hchs,baseline clinic visit,Interviewer scanned/transcribed medications,,Medication Use Questionnaire ,
05 - Medications,GLP-1 Receptor Agonist,glp1agonist,med_antidiab,Antidiabetics,hchs,baseline clinic visit,Interviewer scanned/transcribed medications,,Medication Use Questionnaire ,
05 - Medications,Histamine-2 Receptor Antagonist,h2blocker,,,,,,,,
05 - Medications,HMG-CoA Reductase Inhibitor,hmgcoainh,med_lld,Lipid lowering drugs/Antihyperlipidemics (LLD),hchs,baseline clinic visit,Interviewer scanned/transcribed medications,,Medication Use Questionnaire ,
05 - Medications,HMG-CoA Reductase Inhibitor,hmgcoainh,med_statin,Statins,hchs,baseline clinic visit,Interviewer scanned/transcribed medications,,Medication Use Questionnaire ,
05 - Medications,Hypercholesterolemia,cholloweragent,med_lld,Lipid lowering drugs/Antihyperlipidemics (LLD),hchs,baseline clinic visit,Interviewer scanned/transcribed medications,,Medication Use Questionnaire ,
05 - Medications,Insulin,insulin,med_antidiab,Antidiabetics,hchs,baseline clinic visit,Interviewer scanned/transcribed medications,,Medication Use Questionnaire ,
05 - Medications,Insulin,insulin,med_insulin,Insulins,hchs,baseline clinic visit,Interviewer scanned/transcribed medications,,Medication Use Questionnaire ,
05 - Medications,Insulin Analog,insulinanalog,med_antidiab,Antidiabetics,hchs,baseline clinic visit,Interviewer scanned/transcribed medications,,Medication Use Questionnaire ,
05 - Medications,Insulin Analog,insulinanalog,med_insulin,Insulins,hchs,baseline clinic visit,Interviewer scanned/transcribed medications,,Medication Use Questionnaire ,
05 - Medications,Leukotriene Receptor Antagonist,leukotrantag,med_antiasthmatics,Antiasthmatic or bronchodilator agents,hchs,baseline clinic visit,Interviewer scanned/transcribed medications,,Medication Use Questionnaire ,
05 - Medications,Loop Diuretic,loopdiuretic,med_diuretic,Diuretics,hchs,baseline clinic visit,Interviewer scanned/transcribed medications,,Medication Use Questionnaire ,
05 - Medications,Low Molecular Weight Heparin,lmwheparin,med_anticoag_heparin,Heparin anticoagulants,hchs,baseline clinic visit,Interviewer scanned/transcribed medications,,Medication Use Questionnaire ,
05 - Medications,l-Thyroxine,thyroxine,,,,,,,,
05 - Medications,l-Triiodothyronine,triiodothy,,,,,,,,
05 - Medications,Monoamine Oxidase Inhibitor,moainhi,,,,,,,,
05 - Medications,Nicotinic Acid,nicotinicacid,med_fibares_nicoacid,Fibric/Nicotinic Acids (trt of TG and HDL),hchs,baseline clinic visit,Interviewer scanned/transcribed medications,,Medication Use Questionnaire ,
05 - Medications,Nicotinic Acid,nicotinicacid,med_lld,Lipid lowering drugs/Antihyperlipidemics (LLD),hchs,baseline clinic visit,Interviewer scanned/transcribed medications,,Medication Use Questionnaire ,
05 - Medications,Nitrate Vasodilator,nitrated,,,,,,,,
05 - Medications,Nonergot Dopamine Agonist,nonergotdopam,,,,,,,,
05 - Medications,Nonsteroidal Anti-inflammatory Drug,nsaid,med_nsaid,NSAIDs,hchs,baseline clinic visit,Interviewer scanned/transcribed medications,,Medication Use Questionnaire ,
05 - Medications,Phosphodiesterase 5 Inhibitor,phospho5inh,,,,,,,,
05 - Medications,Platelet Aggregation Inhibitor,plateletedagginh,med_antiplatelet,Antiplatelets,hchs,baseline clinic visit,Interviewer scanned/transcribed medications,,Medication Use Questionnaire ,
05 - Medications,Platelet Aggregation Inhibitor,plateletedagginh,med_clopid,Clopidogrel (Plavix),hchs,baseline clinic visit,Interviewer scanned/transcribed medications,,Medication Use Questionnaire ,
05 - Medications,Potassium Salt,potassiumsalt,,,,,,,,
05 - Medications,Potassium-sparing Diuretic,potassiumspardiur,med_antihypert,Antihypertensives,hchs,baseline clinic visit,Interviewer scanned/transcribed medications,,Medication Use Questionnaire ,
05 - Medications,Progestin,progestin,med_current_hrt,Any Hormone Repl. Therapy,hchs,baseline clinic visit,Interviewer scanned/transcribed medications,,Medication Use Questionnaire ,
05 - Medications,Progestin,progestin,med_progestins,Progestins,hchs,baseline clinic visit,Interviewer scanned/transcribed medications,,Medication Use Questionnaire ,
05 - Medications,Proton Pump Inhibitor,ppi,,,,,,,,
05 - Medications,Sulfonylurea,sulfonylurea,med_antidiab,Antidiabetics,hchs,baseline clinic visit,Interviewer scanned/transcribed medications,,Medication Use Questionnaire ,
05 - Medications,Sympathomimetic Amine Anorectic,sympathanorect,,,,,,,,
05 - Medications,Sympathomimetic-like Agent,sympathagent,,,,,,,,
05 - Medications,Thiazide Diuretic,thiazide,med_antihypert,Antihypertensives,hchs,baseline clinic visit,Interviewer scanned/transcribed medications,,Medication Use Questionnaire ,
05 - Medications,Thiazide Diuretic,thiazide,med_diuretic,Diuretics,hchs,baseline clinic visit,Interviewer scanned/transcribed medications,,Medication Use Questionnaire ,
05 - Medications,Thiazide Diuretic,thiazide,med_diuretic_thiazide,Thiazide Diuretics,hchs,baseline clinic visit,Interviewer scanned/transcribed medications,,Medication Use Questionnaire ,
05 - Medications,Thiazolidinedione,tzd,med_antidiab,Antidiabetics,hchs,baseline clinic visit,Interviewer scanned/transcribed medications,,Medication Use Questionnaire ,
05 - Medications,Tricyclic Antidepressant,tca,med_antidepre_tricyc,Antidepressants tricyclic antidepressants,hchs,baseline clinic visit,Interviewer scanned/transcribed medications,,Medication Use Questionnaire ,
05 - Medications,Tricyclic Antidepressant,tca,med_antidepress,Antidepressants,hchs,baseline clinic visit,Interviewer scanned/transcribed medications,,Medication Use Questionnaire ,
05 - Medications,Typical Antipsychotic,typicalantipsychot,med_antipsycho,Antipsychotics,hchs,baseline clinic visit,Interviewer scanned/transcribed medications,,Medication Use Questionnaire ,
05 - Medications,Unfractionated Heparin,unfractheparin,med_anticoag_heparin,Heparin anticoagulants,hchs,baseline clinic visit,Interviewer scanned/transcribed medications,,Medication Use Questionnaire ,
05 - Medications,Vasodilator,vasodilator,,,,,,,,
05 - Medications,Xanthine Oxidase Inhibitor,xanthoxidinh,,,,,,,,
06 - Health Habits,Alcohol consumption,alcohol,alcohol_use,Alcohol Use,hchs,baseline clinic visit,reported by subject,,,
06 - Health Habits,Alcohol consumption,alcohol,alcohol_use_disorder,Alcohol Use Disorder Risk,hchs,baseline clinic visit,reported by subject,,,
06 - Health Habits,Alcohol consumption,alcohol,alcohol_use_level,Alcohol Use Drinking Level,hchs,baseline clinic visit,reported by subject,,,
06 - Health Habits,Alcohol consumption,alcohol,totaldrinks_per_week,Total Weekly Alcohol Consumption,hchs,baseline clinic visit,reported by subject,,,
06 - Health Habits,Alcohol consumption,alcohol,ahei11,"Alcohol, score",hchs,baseline clinic visit,,,,
06 - Health Habits,Alcohol consumption,alcohol,pred_alc,"Alcohol - NCI predicted intake, servings/d (ALCOHOL)",hchs,baseline clinic visit,,,,
06 - Health Habits,Self reported bed time,selfrepbedtime,,,,,,,,
06 - Health Habits,Self reported wake time,selfrepwaketime,,,,,,,,
06 - Health Habits,Self reported sleep duration,selfrepsleepduration,,,,,,,,
06 - Health Habits,Smoking status,smoking,cigarette_use,Cigarette Use,hchs,baseline clinic visit,reported by subject,,,
06 - Health Habits,Smoking status,smoking,current_smoker,Current Smoker (from CIGARETTE_USE),hchs,baseline clinic visit,reported by subject,,,
06 - Health Habits,Pack years,packyears,cigarette_pack_years,Cigarette Pack Years,hchs,baseline clinic visit,calculated,,,
06 - Health Habits,Pack years,packyears,cigarette_pack_years_c3,"Cigarette Pack Years (3-level, cutoff=10)",hchs,baseline clinic visit,reported by subject,,,
06 - Health Habits,Pack years,packyears,cigarettes_year,Adjusted Cigarettes per Year,hchs,baseline clinic visit,calculated,,,
06 - Health Habits,Caffeine intake,caffeineintake,,,,,,,,
07 - Laboratory Data,Fasting glucose,fastingglucose,,,,,,,,
07 - Laboratory Data,Fasting insulin,fastinginsulin,insulin_fast,"Insulin, fasting (calibrated, converted to mU/L)",hchs,baseline clinic visit,fasting venipuncture,,immunoassay- normal range (2- 25 mU/L ),
07 - Laboratory Data,HDL cholesterol,hdlchol,,,,,,,,
07 - Laboratory Data,LDL cholesterol,ldlchol,,,,,,,,
07 - Laboratory Data,Total cholesterol,totalchol,high_total_chol,"Hypercholesterolemia (from LABA66,LABA68,LABA69,MED_LLD)",hchs,baseline clinic visit,fasting venipuncture,,"Colorimetric assay- normal range (< 200 mg/dL, alert value > 360 mg/dL)",
07 - Laboratory Data,Triglycerides,triglyc,,,,,,,,
07 - Laboratory Data,Hemoglobin A1c,hba1c,hba1c_si,"Glycosylated Hemoglobin (HbA1c) in SI units (mmol/mol), nearest integer",hchs,baseline clinic visit,fasting venipuncture,,Colorimetric assay- normal range (4.3 - 6.0 %),
07 - Laboratory Data,Creatinine,creatinine,ckd,Chronic Kidney Disease using eGFR only (NIDDK),hchs,baseline clinic visit,fasting venipuncture,,Colorimetric assay- normal ranges (female: 0.4 - 1.1 mg/dL; male: 0.5 - 1.2 mg/dL),
07 - Laboratory Data,Creatinine,creatinine,gfrscr,"eGFR based on serum creatinine, gender, age and race",hchs,baseline clinic visit,fasting venipuncture,,Colorimetric assay- normal ranges (female: 0.4 - 1.1 mg/dL; male: 0.5 - 1.2 mg/dL),
07 - Laboratory Data,Creatinine clearance,creatinineclear,,,,,,,,
08A1 - Sleep Study Data - Acquisition - Sleep Study Type,Type I,type1sleepstudy,,,,,,,,
08A1 - Sleep Study Data - Acquisition - Sleep Study Type,Type II,type2sleepstudy,,,,,,,,
08A1 - Sleep Study Data - Acquisition - Sleep Study Type,Type III,type3sleepstudy,,,,,,,,
08A1 - Sleep Study Data - Acquisition - Sleep Study Type,Type IV,type4sleepstudy,,,,,,,,
08A2 - Sleep Study Data - Acquisition - Sleep Study Location,Laboratory,labsleepstudy,,,,,,,,
08A2 - Sleep Study Data - Acquisition - Sleep Study Location,Home,homesleepstudy,,,,,,,,
08B - Sleep Study Data - Time,Duration of sleep study,sleepstudyduration,,,,,,,,
08B - Sleep Study Data - Time,Sleep duration,sleepduration,,,,,,,,
08B - Sleep Study Data - Time,Sleep efficiency,sleepefficiency,,,,,,,,
08B - Sleep Study Data - Time,Sleep fragmentation index,sleepfragmentindex,,,,,,,,
08B - Sleep Study Data - Time,Sleep maintenance efficiency,sleepmaintefficiency,,,,,,,,
08B - Sleep Study Data - Time,Sleep onset latency,sleeponsetlatency,,,,,,,,
08B - Sleep Study Data - Time,Time awake after sleep onset,timeawakeaftersleep,,,,,,,,
08B - Sleep Study Data - Time,Time in bed duration,timeinbedduration,,,,,,,,
08C1A - Sleep Study Data - Respiratory - Events - Apnea,Central sleep apnea events,csaevent,,,,,,,,
08C1A - Sleep Study Data - Respiratory - Events - Apnea,Central sleep apneas/hour,csaperhr,,,,,,,,
08C1A - Sleep Study Data - Respiratory - Events - Apnea,Average central sleep apnea length,avgcsalength,,,,,,,,
08C1A - Sleep Study Data - Respiratory - Events - Apnea,Obstructive sleep apnea events,osaevent,,,,,,,,
08C1A - Sleep Study Data - Respiratory - Events - Apnea,Obstructive sleeps apneas/hour,osaperhr,,,,,,,,
08C1A - Sleep Study Data - Respiratory - Events - Apnea,Average obstructive sleep apnea length,avgosalength,,,,,,,,
08C1B - Sleep Study Data - Respiratory - Events - Hypopnea,Hyopopnea events,hypopevent,,,,,,,,
08C1B - Sleep Study Data - Respiratory - Events - Hypopnea,Hyopopneas/hour,hypopperhr,,,,,,,,
08C1B - Sleep Study Data - Respiratory - Events - Hypopnea,Average hypopnea length,avghypolength,,,,,,,,
08C1C - Sleep Study Data - Respiratory - Events - Desaturation,Desaturation events,desatevent,,,,,,,,
08C2 - Sleep Study Data - Respiratory - Indices,Apnea hypopnea index,ahi,,,,,,,,
08C2 - Sleep Study Data - Respiratory - Indices,Apnea hypopnea index greater than or equal to 15,ahigteq15,ahi_ge15,Sleep Apnea defined as Apnea/Hypopnea Index (3% desat) >= 15,hchs,baseline in home PSG,measured,,"Apnea Risk Evaluation System (ARES, Unicorder, Advanced Brain Imaging)",
08C2 - Sleep Study Data - Respiratory - Indices,Central apnea index greater than or equal to 5,caigteq5,,,,,,,,
08C2 - Sleep Study Data - Respiratory - Indices,Central apnea index: all desaturations,caiall,,,,,,,,
08C2 - Sleep Study Data - Respiratory - Indices,Central apnea index: 4% desaturation,cai4percent,,,,,,,,
08C2 - Sleep Study Data - Respiratory - Indices,Central apnea index: 4% desaturation or arousal,cai4percentarousal,,,,,,,,
08C2 - Sleep Study Data - Respiratory - Indices,Obstructive apnea hypopnea index: 4% desaturation,oahi4percent,,,,,,,,
08C2 - Sleep Study Data - Respiratory - Indices,Obstructive apnea index: all desaturations,oaiall,,,,,,,,
08C2 - Sleep Study Data - Respiratory - Indices,Obstructive apnea index: 4% desaturation,oai4percent,,,,,,,,
08C2 - Sleep Study Data - Respiratory - Indices,Obstructive apnea index: 4% desaturation or arousal,oai4percentarousal,,,,,,,,
08C2 - Sleep Study Data - Respiratory - Indices,Respiratory disturbance index: all desaturations,rdiall,,,,,,,,
08C2 - Sleep Study Data - Respiratory - Indices,Respiratory disturbance index: all desaturations or arousal,rdiallarousal,,,,,,,,
08C2 - Sleep Study Data - Respiratory - Indices,Respiratory disturbance index: 2% desaturation,rdi2percent,,,,,,,,
08C2 - Sleep Study Data - Respiratory - Indices,Respiratory disturbance index: 2% desaturation or arousal,rdi2percentarousal,,,,,,,,
08C2 - Sleep Study Data - Respiratory - Indices,Respiratory disturbance index: 3% desaturation,rdi3percent,,,,,,,,
08C2 - Sleep Study Data - Respiratory - Indices,Respiratory disturbance index: 3% desaturation or arousal,rdi3percentarousal,,,,,,,,
08C2 - Sleep Study Data - Respiratory - Indices,Respiratory disturbance index: 4% desaturation,rdi4percent,,,,,,,,
08C2 - Sleep Study Data - Respiratory - Indices,Respiratory disturbance index: 4% desaturation or arousal,rdi4percentarousal,,,,,,,,
08C2 - Sleep Study Data - Respiratory - Indices,Respiratory disturbance index: 5% desaturation,rdi5percent,,,,,,,,
08C2 - Sleep Study Data - Respiratory - Indices,Respiratory disturbance index: 5% desaturation or arousal,rdi5percentarousal,,,,,,,,
08C2 - Sleep Study Data - Respiratory - Indices,Respiratory disturbance index: supine: all desaturations,rdisupall,,,,,,,,
08C2 - Sleep Study Data - Respiratory - Indices,Respiratory disturbance index: supine: 2% desaturation,rdisup2percent,,,,,,,,
08C2 - Sleep Study Data - Respiratory - Indices,Respiratory disturbance index: supine: 3% desaturation,rdisup3percent,,,,,,,,
08C2 - Sleep Study Data - Respiratory - Indices,Respiratory disturbance index: supine: 4% desaturation,rdisup4percent,,,,,,,,
08C2 - Sleep Study Data - Respiratory - Indices,Respiratory disturbance index: supine: 5% desaturation,rdisup5percent,,,,,,,,
08C2 - Sleep Study Data - Respiratory - Indices,Respiratory disturbance index: non-supine: all desaturations,rdinonsupall,,,,,,,,
08C2 - Sleep Study Data - Respiratory - Indices,Respiratory disturbance index: non-supine: 2% desaturation,rdinonsup2percent,,,,,,,,
08C2 - Sleep Study Data - Respiratory - Indices,Respiratory disturbance index: non-supine: 3% desaturation,rdinonsup3percent,,,,,,,,
08C2 - Sleep Study Data - Respiratory - Indices,Respiratory disturbance index: non-supine: 4% desaturation,rdinonsup4percent,,,,,,,,
08C2 - Sleep Study Data - Respiratory - Indices,Respiratory disturbance index: non-supine: 5% desaturation,rdinonsup5percent,,,,,,,,
08C2 - Sleep Study Data - Respiratory - Indices,Respiratory disturbance index: REM: all desaturations,rdiremall,,,,,,,,
08C2 - Sleep Study Data - Respiratory - Indices,Respiratory disturbance index: REM:: 2% desaturation,rdirem2percent,,,,,,,,
08C2 - Sleep Study Data - Respiratory - Indices,Respiratory disturbance index: REM:: 3% desaturation,rdirem3percent,,,,,,,,
08C2 - Sleep Study Data - Respiratory - Indices,Respiratory disturbance index: REM:: 4% desaturation,rdirem4percent,,,,,,,,
08C2 - Sleep Study Data - Respiratory - Indices,Respiratory disturbance index: REM:: 5% desaturation,rdirem5percent,,,,,,,,
08C2 - Sleep Study Data - Respiratory - Indices,Respiratory disturbance index: NREM: all desaturations,rdinremall,,,,,,,,
08C2 - Sleep Study Data - Respiratory - Indices,Respiratory disturbance index: NREM:: 2% desaturation,rdinrem2percent,,,,,,,,
08C2 - Sleep Study Data - Respiratory - Indices,Respiratory disturbance index: NREM:: 3% desaturation,rdinrem3percent,,,,,,,,
08C2 - Sleep Study Data - Respiratory - Indices,Respiratory disturbance index: NREM:: 4% desaturation,rdinrem4percent,,,,,,,,
08C2 - Sleep Study Data - Respiratory - Indices,Respiratory disturbance index: NREM:: 5% desaturation,rdinrem5percent,,,,,,,,
08C3 - Sleep Study Data - Respiratory  - Breathing ,Cheyne Stoke breathing,cheynestokebreath,,,,,,,,
08C3 - Sleep Study Data - Respiratory  - Breathing ,Periodic breathing,periodicbreath,,,,,,,,
08D - Sleep Study Data - Stages,NREM sleep time,nremsleep,,,,,,,,
08D - Sleep Study Data - Stages,REM sleep time,remsleep,,,,,,,,
08D - Sleep Study Data - Stages,Stage N1 sleep time,stagen1sleep,,,,,,,,
08D - Sleep Study Data - Stages,Stage N2 sleep time,stagen2sleep,,,,,,,,
08D - Sleep Study Data - Stages,Stage N3 sleep time,stagen3sleep,,,,,,,,
08D - Sleep Study Data - Stages,Stage 1 sleep time,stage1sleep,,,,,,,,
08D - Sleep Study Data - Stages,Stage 2 sleep time,stage2sleep,,,,,,,,
08D - Sleep Study Data - Stages,Stage 3 sleep time,stage3sleep,,,,,,,,
08E1 - Sleep Study Data - Arousals -Events,Arousal events,arousevents,,,,,,,,
08E2 - Sleep Study Data - Arousals - Indices,Arousal index,arousindex,,,,,,,,
08F1 - Sleep Study Data - Limb Movement - Events,Periodic limb movement events,plmevents,,,,,,,,
08F1 - Sleep Study Data - Limb Movement - Events,Periodic limb movement events with arousal,plmeventsarous,,,,,,,,
08F2 - Sleep Study Data - Limb Movement - Indices,Periodic limb movement events with arousal index,plmeventsarousindex,,,,,,,,
08F2 - Sleep Study Data - Limb Movement - Indices,Periodic limb movement index,plmindex,,,,,,,,
08G1 - Sleep Study Data - Oxygen Saturation - Percent Time,Percent sleep time oxygen saturation < 70%,sleepo2lt70,,,,,,,,
08G1 - Sleep Study Data - Oxygen Saturation - Percent Time,Percent sleep time oxygen saturation < 75%,sleepo2lt75,,,,,,,,
08G1 - Sleep Study Data - Oxygen Saturation - Percent Time,Percent sleep time oxygen saturation < 80%,sleepo2lt80,,,,,,,,
08G1 - Sleep Study Data - Oxygen Saturation - Percent Time,Percent sleep time oxygen saturation < 85%,sleepo2lt85,,,,,,,,
08G1 - Sleep Study Data - Oxygen Saturation - Percent Time,Percent sleep time oxygen saturation < 88%,sleepo2lt88,,,,,,,,
08G1 - Sleep Study Data - Oxygen Saturation - Percent Time,Percent sleep time oxygen saturation < 90%,sleepo2lt90,,,,,,,,
08G1 - Sleep Study Data - Oxygen Saturation - Percent Time,Percent sleep time oxygen saturation < 92%,sleepo2lt92,,,,,,,,
08G1 - Sleep Study Data - Oxygen Saturation - Percent Time,Percent sleep time oxygen saturation < 95%,sleepo2lt95,,,,,,,,
08G2 - Sleep Study Data - Oxygen Saturation - Average,Average oxygen saturation during sleep,avgo2duringsleep,,,,,,,,
08G2 - Sleep Study Data - Oxygen Saturation - Average,Average oxygen saturation with respiratory events,avgo2respevents,,,,,,,,
08G3 - Sleep Study Data - Oxygen Saturation - Nadir,Nadir oxygen saturation during sleep,nadiro2duringsleep,,,,,,,,
08G3 - Sleep Study Data - Oxygen Saturation - Nadir,Nadir oxygen saturation with respiratory events,nadiro2respevents,,,,,,,,
08G4 - Sleep Study Data - Oxygen Saturation -  Indices,Oxygen desaturation index,o2desatindex,,,,,,,,
08H - Sleep Study Data - Heart Rate,Average heart rate,avgheartrate,,,,,,,,
08I - Sleep Study Data - Electrocardiogram - Arrhythmia,Atrial fibrillation - polysomonogram - paroxysmal,afibpsgparox,,,,,,,,
08I - Sleep Study Data - Electrocardiogram - Arrhythmia,Atrial fibrillation - polysomonogram - persistent,afibpsgpersist,,,,,,,,
08J - Sleep Study Data - Quality,Quality of sleep study,sleepstudyquality,,,,,,,,
08J - Sleep Study Data - Quality,Signal quality code,signalqualitycode,,,,,,,,
08K - Sleep Study Data - End-Tidal CO2,Capnograph type,capnotype,,,,,,,,
08K - Sleep Study Data - End-Tidal CO2,Hours of usable CO2,hoursco2,,,,,,,,
08K - Sleep Study Data - End-Tidal CO2,Average end-tidal CO2 - NREM,avgco2nrem,,,,,,,,
08K - Sleep Study Data - End-Tidal CO2,Average end-tidal CO2 - NREM - normalized for capnograph type,avgco2nremnorm,,,,,,,,
08K - Sleep Study Data - End-Tidal CO2,Average end-tidal CO2 - REM,avgco2rem,,,,,,,,
08K - Sleep Study Data - End-Tidal CO2,Average end-tidal CO2 - REM - normalized for capnograph type,avgco2remnorm,,,,,,,,
08K - Sleep Study Data - End-Tidal CO2,Baseline end-tidal CO2 - asleep,baseco2asleep,,,,,,,,
08K - Sleep Study Data - End-Tidal CO2,Baseline end-tidal CO2 - asleep - normalized for capnograph type,baseco2asleepnorm,,,,,,,,
08K - Sleep Study Data - End-Tidal CO2,Baseline end-tidal CO2 - awake,baseco2awake,,,,,,,,
08K - Sleep Study Data - End-Tidal CO2,Baseline end-tidal CO2 - awake - normalized for capnograph type,baseco2awakenorm,,,,,,,,
08K - Sleep Study Data - End-Tidal CO2,Peak end-tidal CO2 - asleep,peakco2asleep,,,,,,,,
08K - Sleep Study Data - End-Tidal CO2,Peak end-tidal CO2 - asleep - normalized for capnograph type,peakco2asleepnorm,,,,,,,,
08K - Sleep Study Data - End-Tidal CO2,Percentage of total sleep time where end-tidal CO2 > 45 mmHg,percentco2gt45,,,,,,,,
08K - Sleep Study Data - End-Tidal CO2,Percentage of total sleep time where end-tidal CO2 > 45 mmHg - normalized for capnograph type,percentco2gt45norm,,,,,,,,
08K - Sleep Study Data - End-Tidal CO2,Percentage of total sleep time where end-tidal CO2 > 50 mmHg,percentco2gt50,,,,,,,,
08K - Sleep Study Data - End-Tidal CO2,Percentage of total sleep time where end-tidal CO2 > 50 mmHg - normalized for capnograph type,percentco2gt50norm,,,,,,,,
10 - Sleep Symptoms,Early morning awakening,earlyawakening,,,,,,,,
10 - Sleep Symptoms,Epworth Sleepiness Scale score,epworthscore,ess,Epworth Sleepiness Scale,hchs,baseline clinic visit,reported by subject,,Epworth Sleepiness Scale,
10 - Sleep Symptoms,Modified Epworth Sleepiness Scale score,modepworthscore,,,,,,,,
10 - Sleep Symptoms,Functional Outcomes of Sleep Questionnaire score,fosqscore,,,,,,,,
10 - Sleep Symptoms,Functional Outcomes of Sleep Questionnaire - Activity Level subscale,fosqactiv,,,,,,,,
10 - Sleep Symptoms,Functional Outcomes of Sleep Questionnaire - General Productivity subscale ,fosqgenprod,,,,,,,,
10 - Sleep Symptoms,Functional Outcomes of Sleep Questionnaire - Social Outcome subscale,fosqsocout,,,,,,,,
10 - Sleep Symptoms,Functional Outcomes of Sleep Questionnaire - Vigilance subscale,fosqvigil,,,,,,,,
10 - Sleep Symptoms,Pediatric Sleep Questionnaire Sleep-Related Breathing Disorder (PSQ-SRBD) score, psqsrbdscore,,,,,,,,
10 - Sleep Symptoms,Obstructive Sleep Apnea-18 Assessment Tool score,osa18assessscore,,,,,,,,
10 - Sleep Symptoms,Women's Health Initiative Insomnia Rating Scale,whiinitinsomratescale,,,,,,,,
10 - Sleep Symptoms,Pittsburgh Insomnia Rating Scale,pittinsomratescale,,,,,,,,
10 - Sleep Symptoms,Pittsburgh Sleep Quality Index,pittsleepqualindex,,,,,,,,
10 - Sleep Symptoms,Insomnia Severity Index,insomseverindex,,,,,,,,
10 - Sleep Symptoms,Excessive daytime sleepiness,excessdaysleepiness,,,,,,,,
10 - Sleep Symptoms,Problems falling asleep,probfallasleep,,,,,,,,
10 - Sleep Symptoms,Problems staying asleep,probstayasleep,,,,,,,,
10 - Sleep Symptoms,Unrefreshed sleep,unrefreshsleep,,,,,,,,
10A - Sleep Symptoms - Snoring,Habitual snoring,habitsnoring,,,,,,,,
10A - Sleep Symptoms - Snoring,Habitual snoring - frequency,habitsnoringfreq,,,,,,,,
10A - Sleep Symptoms - Gasping,Snoring/gasping/stopping breathing,snoringgasping,,,,,,,,
10A - Sleep Symptoms - Gasping,Snoring/gasping/stopping breathing - frequency,snoringgaspingfreq,,,,,,,,
11 - Other Symptoms,Chronic cough,chroniccough,mrc_cb,Chronic Productive Cough 3+ mths in 2+ yrs,hchs,baseline clinic visit,reported by subject,,,
11 - Other Symptoms,Nocturnal wheezing,noctwheez,,,,,,,,
11 - Other Symptoms,Persistent wheezing,persistwheez,wheeze_last12,Wheezing in last 12 months,hchs,baseline clinic visit,reported by subject,,,
11 - Other Symptoms,Persistent wheezing,persistwheez,wheeze_sb,Wheezing ever with shortness of breath,hchs,baseline clinic visit,reported by subject,,,
12 - Adjudicated Events,Atrial fibrillation - adjudicated event,afibadjud,,,,,,,,
12 - Adjudicated Events,Congestive heart failure - adjudicated event,chfadjud,,,,,,,,
12 - Adjudicated Events,Myocardial infarction - adjudicated event,miadjud,,,,,,,,
12 - Adjudicated Events,Stroke - adjudicated event,strokeadju,,,,,,,,
12 - Adjudicated Events,All cause hospitalization - adjudicated event,hospadju,,,,,,,,
12 - Adjudicated Events,Cardiovascular disease hospitalization - adjudicated event,cvhospadju,,,,,,,,
12 - Adjudicated Events,"Revascularization (PTCA, CABG) - adjudicated event",revascadju,,,,,,,,
12 - Adjudicated Events,Cardiac arrest - adjudicated event,cardarrestadju,,,,,,,,
13 - Spirometry,FEV1,fev1,,,,,,,,
13 - Spirometry,FEV1/FVC,fev1fvcratio,fev1_fvc_ratio,FEV1/FVC Ratio,hchs,baseline clinic visit,calculated,,SensorMedics model 1022 dry rolling seal volume spirometer/ OMI spirometry software (version 3.3),
13 - Spirometry,FVC,fvc,,,,,,,,
13 - Spirometry,Percent predicted FEV1,percentpredfev1,,,,,,,,
13 - Spirometry,Percent predicted FVC,percentpredfvc,,,,,,,,
14 - Neurocognitive Testing/NEPSY,Developmental Neuropsychological Assessment (NEPSY) - General Conceptual Ability Score,nepsygcas,,,,,,,,
14 - Neurocognitive Testing/NEPSY,Developmental Neuropsychological Assessment (NEPSY) - Phonological Processing,nepsypp,,,,,,,,
14 - Neurocognitive Testing/NEPSY,Developmental Neuropsychological Assessment (NEPSY) - Tower,nepsyt,,,,,,,,
14 - Neurocognitive Testing/NEPSY,Developmental Neuropsychological Assessment (NEPSY) - Auditory Attention and Response Set,nepsyaars,,,,,,,,
14 - Neurocognitive Testing/NEPSY,Developmental Neuropsychological Assessment (NEPSY) - Speeded Naming,nepsysn,,,,,,,,
14 - Neurocognitive Testing/NEPSY,Developmental Neuropsychological Assessment (NEPSY) - Visual Attention,nepsyva,,,,,,,,
14 - Neurocognitive Testing/NEPSY,Developmental Neuropsychological Assessment (NEPSY) - Comprehension of Instructions,nepsycoi,,,,,,,,
14 - Neurocognitive Testing/NEPSY,Developmental Neuropsychological Assessment (NEPSY) - Attention/Executive Function Domain Score,nepsyaefds,,,,,,,,
14 - Neurocognitive Testing/NEPSY,Developmental Neuropsychological Assessment (NEPSY) - Language Domain Score,nepsylds,,,,,,,,
14 - Neurocognitive Testing/NEPSY,Developmental Neuropsychological Assessment (NEPSY) - Arrows,nepsya,,,,,,,,
14 - Neurocognitive Testing/NEPSY-II,Developmental Neuropsychological Assessment-II (NEPSY-II) - Inhibition Naming,nepsy2in,,,,,,,,
14 - Neurocognitive Testing/NEPSY-II,Developmental Neuropsychological Assessment-II (NEPSY-II) - Inhibition-Inhibition,nepsy2ii,,,,,,,,
14 - Neurocognitive Testing/NEPSY-II,Developmental Neuropsychological Assessment-II (NEPSY-II) - Inhibition-Switching,nepsy2is,,,,,,,,
14 - Neurocognitive Testing/NEPSY-II,Developmental Neuropsychological Assessment-II (NEPSY-II) - Contrast between Inhibition Naming vs. Inhibition-Inhibition,nepsy2continvsii,,,,,,,,
14 - Neurocognitive Testing/NEPSY-II,Developmental Neuropsychological Assessment-II (NEPSY-II) - Contrast between Inhibition-Inhibition vs. Inhibition-Switching,nepsy2contiivsis,,,,,,,,
14 - Neurocognitive Testing/NEPSY-II,Developmental Neuropsychological Assessment-II (NEPSY-II) - Inhibition Total Errors,nepsy2ite,,,,,,,,
14 - Neurocognitive Testing/NEPSY-II,Developmental Neuropsychological Assessment-II (NEPSY-II) - Semantic Condition,nepsy2sc,,,,,,,,
14 - Neurocognitive Testing/NEPSY-II,Developmental Neuropsychological Assessment-II (NEPSY-II) - Initial Letter Condition,nepsy2ilc,,,,,,,,
14 - Neurocognitive Testing/NEPSY-II,Developmental Neuropsychological Assessment-II (NEPSY-II) - Contrast between Semantic Condition vs. Initial Letter Condition,nepsy2contscvsilc,,,,,,,,
14 - Neurocognitive Testing/Purdue Pegboard,Purdue Pegboard - Dominant Hand,purduepegdh,,,,,,,,
14 - Neurocognitive Testing/Purdue Pegboard,Purdue Pegboard - Nondominant Hand,purduepegnh,,,,,,,,
14 - Neurocognitive Testing/Purdue Pegboard,Purdue Pegboard - Both Hands,purduepegbh,,,,,,,,
14 - Neurocognitive Testing/VMI,Developmental Test of Visual-Motor Integration (VMI),vmi,,,,,,,,
14 - Neurocognitive Testing/Conner's Rating Scale,Conners' Rating Scale - Caregiver - Long Version Global Index T Score,connerscarelvgitscore,,,,,,,,
14 - Neurocognitive Testing/Conner's Rating Scale,Conners' Rating Scale - Teacher - Long Version Global Index T Score,connersteachlvgitscore,,,,,,,,
14 - Neurocognitive Testing/BRIEF,Behavior Rating of Executive Function (BRIEF) - Caregiver - Global Excecutive Composite T Score,briefcaregectscore,,,,,,,,
14 - Neurocognitive Testing/BRIEF,Behavior Rating of Executive Function (BRIEF) - Teacher - Global Excecutive Composite T Score,briefteachgectscore,,,,,,,,
14 - Neurocognitive Testing/PedsQL,Pediatric Quality of Life Inventory (PedsQL) Score,pedsql,,,,,,,,
14 - Neurocognitive Testing/DAS-II,Differential Ability Scales-II (DAS-II) - Recall of Designs,das2rod,,,,,,,,
14 - Neurocognitive Testing/DAS-II,Differential Ability Scales-II (DAS-II) - Word Definitions,das2wd,,,,,,,,
14 - Neurocognitive Testing/DAS-II,Differential Ability Scales-II (DAS-II) - Pattern Construction,das2pc,,,,,,,,
14 - Neurocognitive Testing/DAS-II,Differential Ability Scales-II (DAS-II) - Matrices,das2m,,,,,,,,
14 - Neurocognitive Testing/DAS-II,Differential Ability Scales-II (DAS-II) - Verbal Similarities,das2vs,,,,,,,,
14 - Neurocognitive Testing/DAS-II,Differential Ability Scales-II (DAS-II) - Sequential and Quantitative Reasoning,das2saqr,,,,,,,,
14 - Neurocognitive Testing/DAS-II,Differential Ability Scales-II (DAS-II) - Verbal Composite,das2vc,,,,,,,,
14 - Neurocognitive Testing/DAS-II,Differential Ability Scales-II (DAS-II) - Nonverbal Reasoning Composite,das2nrc,,,,,,,,
14 - Neurocognitive Testing/DAS-II,Differential Ability Scales-II (DAS-II) - Spatial Composite,das2sc,,,,,,,,
14 - Neurocognitive Testing/DAS-II,Differential Ability Scales-II (DAS-II) - General Cognitive Ability ,das2gca,,,,,,,,
14 - Neurocognitive Testing/DAS-II,Differential Ability Scales-II (DAS-II) - Special Nonverbal Composite ,das2snc,,,,,,,,
14 - Neurocognitive Testing/WRAML2,"Wide Range Assessment of Memory and Learning, Second Edition(WRAML2) - Verbal Learning",wraml2vl,,,,,,,,
14 - Neurocognitive Testing/WRAML2,"Wide Range Assessment of Memory and Learning, Second Edition(WRAML2) - Verbal Learning Recall",wraml2vlrecall,,,,,,,,
14 - Neurocognitive Testing/WRAML2,"Wide Range Assessment of Memory and Learning, Second Edition(WRAML2) - Verbal Learning Recognition",wraml2vlrecog,,,,,,,,
15 - Imaging,Echocardiogram,ech,,,,,,,,
15 - Imaging,Cardiac MRI,cardmri,,,,,,,,
15 - Imaging,Coronary calcium scan,coroncalcscan,,,,,,,,
15 - Imaging,Carotid ultrasound - plaque,carotidusplaque,,,,,,,,
15 - Imaging,Carotid ultrasound - intima media thickness,carotidusimt,,,,,,,,
15 - Imaging,Lung volume assessment,lungvolassess,,,,,,,,
16 - Signal Processing/EEG/Spectral Analysis,Alpha band end,spectalphabandend,,,,,,,,
16 - Signal Processing/EEG/Spectral Analysis,Alpha band start,spectalphabandstart,,,,,,,,
16 - Signal Processing/EEG/Spectral Analysis,Log transformed alpha power density in NREM sleep,spectalphalognrem,,,,,,,,
16 - Signal Processing/EEG/Spectral Analysis,Log transformed alpha power density in REM sleep,spectalphalogrem,,,,,,,,
16 - Signal Processing/EEG/Spectral Analysis,Log transformed alpha power density in sleep,spectalphalogsleep,,,,,,,,
16 - Signal Processing/EEG/Spectral Analysis,Alpha power density in NREM sleep,spectalphanrem,,,,,,,,
16 - Signal Processing/EEG/Spectral Analysis,Alpha power density in REM sleep,spectalpharem,,,,,,,,
16 - Signal Processing/EEG/Spectral Analysis,Alpha power density in sleep,spectalphasleep,,,,,,,,
16 - Signal Processing/EEG/Spectral Analysis,Beta band end,spectbetabandend,,,,,,,,
16 - Signal Processing/EEG/Spectral Analysis,Beta band start,spectbetabandstart,,,,,,,,
16 - Signal Processing/EEG/Spectral Analysis,Log transformed beta power density in NREM sleep,spectbetalognrem,,,,,,,,
16 - Signal Processing/EEG/Spectral Analysis,Log transformed beta power density in REM sleep,spectbetalogrem,,,,,,,,
16 - Signal Processing/EEG/Spectral Analysis,Log transformed beta power density in sleep,spectbetalogsleep,,,,,,,,
16 - Signal Processing/EEG/Spectral Analysis,Beta power density in NREM sleep,spectbetanrem,,,,,,,,
16 - Signal Processing/EEG/Spectral Analysis,Beta power density in REM sleep,spectbetarem,,,,,,,,
16 - Signal Processing/EEG/Spectral Analysis,Beta power density in sleep,spectbetasleep,,,,,,,,
16 - Signal Processing/EEG/Spectral Analysis,Delta band end,spectdeltabandend,,,,,,,,
16 - Signal Processing/EEG/Spectral Analysis,Delta band start,spectdeltabandstart,,,,,,,,
16 - Signal Processing/EEG/Spectral Analysis,Log transformed delta power density in NREM sleep,spectdeltalognrem,,,,,,,,
16 - Signal Processing/EEG/Spectral Analysis,Log transformed delta power density in REM sleep,spectdeltalogrem,,,,,,,,
16 - Signal Processing/EEG/Spectral Analysis,Log transformed delta power density in sleep,spectdeltalogsleep,,,,,,,,
16 - Signal Processing/EEG/Spectral Analysis,Delta power density in NREM sleep,spectdeltanrem,,,,,,,,
16 - Signal Processing/EEG/Spectral Analysis,Delta power density in REM sleep,spectdeltarem,,,,,,,,
16 - Signal Processing/EEG/Spectral Analysis,Delta power density in sleep,spectdeltasleep,,,,,,,,
16 - Signal Processing/EEG/Spectral Analysis,Fast sigma band end,spectfastsigmabandend,,,,,,,,
16 - Signal Processing/EEG/Spectral Analysis,Fast sigma band start,spectfastsigmabandstart,,,,,,,,
16 - Signal Processing/EEG/Spectral Analysis,Log transformed fast sigma power density in NREM sleep,spectfastsigmalognrem,,,,,,,,
16 - Signal Processing/EEG/Spectral Analysis,Log transformed fast sigma power density in REM sleep,spectfastsigmalogrem,,,,,,,,
16 - Signal Processing/EEG/Spectral Analysis,Log transformed fast sigma power density in sleep,spectfastsigmalogsleep,,,,,,,,
16 - Signal Processing/EEG/Spectral Analysis,Fast sigma power density in NREM sleep,spectfastsigmanrem,,,,,,,,
16 - Signal Processing/EEG/Spectral Analysis,Fast sigma power density in REM sleep,spectfastsigmarem,,,,,,,,
16 - Signal Processing/EEG/Spectral Analysis,Fast sigma power density in sleep,spectfastsigmasleep,,,,,,,,
16 - Signal Processing/EEG/Spectral Analysis,NREM power density at 0.5 Hertz,spectnrem0point5hz,,,,,,,,
16 - Signal Processing/EEG/Spectral Analysis,NREM power density at 0 Hertz,spectnrem0hz,,,,,,,,
16 - Signal Processing/EEG/Spectral Analysis,NREM power density at 10.5 Hertz,spectnrem10point5hz,,,,,,,,
16 - Signal Processing/EEG/Spectral Analysis,NREM power density at 10.0 Hertz,spectnrem10hz,,,,,,,,
16 - Signal Processing/EEG/Spectral Analysis,NREM power density at 11.5 Hertz,spectnrem11point5hz,,,,,,,,
16 - Signal Processing/EEG/Spectral Analysis,NREM power density at 11.0 Hertz,spectnrem11hz,,,,,,,,
16 - Signal Processing/EEG/Spectral Analysis,NREM power density at 12.5 Hertz,spectnrem12point5hz,,,,,,,,
16 - Signal Processing/EEG/Spectral Analysis,NREM power density at 12.0 Hertz,spectnrem12hz,,,,,,,,
16 - Signal Processing/EEG/Spectral Analysis,NREM power density at 13.5 Hertz,spectnrem13point5hz,,,,,,,,
16 - Signal Processing/EEG/Spectral Analysis,NREM power density at 13.0 Hertz,spectnrem13hz,,,,,,,,
16 - Signal Processing/EEG/Spectral Analysis,NREM power density at 14.5 Hertz,spectnrem14point5hz,,,,,,,,
16 - Signal Processing/EEG/Spectral Analysis,NREM power density at 14.0 Hertz,spectnrem14hz,,,,,,,,
16 - Signal Processing/EEG/Spectral Analysis,NREM power density at 15.5 Hertz,spectnrem15point5hz,,,,,,,,
16 - Signal Processing/EEG/Spectral Analysis,NREM power density at 15.0 Hertz,spectnrem15hz,,,,,,,,
16 - Signal Processing/EEG/Spectral Analysis,NREM power density at 16.5 Hertz,spectnrem16point5hz,,,,,,,,
16 - Signal Processing/EEG/Spectral Analysis,NREM power density at 16.0 Hertz,spectnrem16hz,,,,,,,,
16 - Signal Processing/EEG/Spectral Analysis,NREM power density at 17.5 Hertz,spectnrem17point5hz,,,,,,,,
16 - Signal Processing/EEG/Spectral Analysis,NREM power density at 17.0 Hertz,spectnrem17hz,,,,,,,,
16 - Signal Processing/EEG/Spectral Analysis,NREM power density at 18.5 Hertz,spectnrem18point5hz,,,,,,,,
16 - Signal Processing/EEG/Spectral Analysis,NREM power density at 18.0 Hertz,spectnrem18hz,,,,,,,,
16 - Signal Processing/EEG/Spectral Analysis,NREM power density at 19.5 Hertz,spectnrem19point5hz,,,,,,,,
16 - Signal Processing/EEG/Spectral Analysis,NREM power density at 19.0 Hertz,spectnrem19hz,,,,,,,,
16 - Signal Processing/EEG/Spectral Analysis,NREM power density at 1.5 Hertz,spectnrem1point5hz,,,,,,,,
16 - Signal Processing/EEG/Spectral Analysis,NREM power density at 1.0 Hertz,spectnrem1hz,,,,,,,,
16 - Signal Processing/EEG/Spectral Analysis,NREM power density at 20.5 Hertz,spectnrem20point5hz,,,,,,,,
16 - Signal Processing/EEG/Spectral Analysis,NREM power density at 20.0 Hertz,spectnrem20hz,,,,,,,,
16 - Signal Processing/EEG/Spectral Analysis,NREM power density at 21.5 Hertz,spectnrem21point5hz,,,,,,,,
16 - Signal Processing/EEG/Spectral Analysis,NREM power density at 21.0 Hertz,spectnrem21hz,,,,,,,,
16 - Signal Processing/EEG/Spectral Analysis,NREM power density at 22.5 Hertz,spectnrem22point5hz,,,,,,,,
16 - Signal Processing/EEG/Spectral Analysis,NREM power density at 22.0 Hertz,spectnrem22hz,,,,,,,,
16 - Signal Processing/EEG/Spectral Analysis,NREM power density at 23.5 Hertz,spectnrem23point5hz,,,,,,,,
16 - Signal Processing/EEG/Spectral Analysis,NREM power density at 23.0 Hertz,spectnrem23hz,,,,,,,,
16 - Signal Processing/EEG/Spectral Analysis,NREM power density at 24.5 Hertz,spectnrem24point5hz,,,,,,,,
16 - Signal Processing/EEG/Spectral Analysis,NREM power density at 24.0 Hertz,spectnrem24hz,,,,,,,,
16 - Signal Processing/EEG/Spectral Analysis,NREM power density at 25.0 Hertz,spectnrem25hz,,,,,,,,
16 - Signal Processing/EEG/Spectral Analysis,NREM power density at 2.5 Hertz,spectnrem2point5hz,,,,,,,,
16 - Signal Processing/EEG/Spectral Analysis,NREM power density at 2.0 Hertz,spectnrem2hz,,,,,,,,
16 - Signal Processing/EEG/Spectral Analysis,NREM power density at 3.5 Hertz,spectnrem3point5hz,,,,,,,,
16 - Signal Processing/EEG/Spectral Analysis,NREM power density at 3.0 Hertz,spectnrem3hz,,,,,,,,
16 - Signal Processing/EEG/Spectral Analysis,NREM power density at 4.5 Hertz,spectnrem4point5hz,,,,,,,,
16 - Signal Processing/EEG/Spectral Analysis,NREM power density at 4.0 Hertz,spectnrem4hz,,,,,,,,
16 - Signal Processing/EEG/Spectral Analysis,NREM power density at 5.5 Hertz,spectnrem5point5hz,,,,,,,,
16 - Signal Processing/EEG/Spectral Analysis,NREM power density at 5.0 Hertz,spectnrem5hz,,,,,,,,
16 - Signal Processing/EEG/Spectral Analysis,NREM power density at 6.5 Hertz,spectnrem6point5hz,,,,,,,,
16 - Signal Processing/EEG/Spectral Analysis,NREM power density at 6.0 Hertz,spectnrem6hz,,,,,,,,
16 - Signal Processing/EEG/Spectral Analysis,NREM power density at 7.5 Hertz,spectnrem7point5hz,,,,,,,,
16 - Signal Processing/EEG/Spectral Analysis,NREM power density at 7.0 Hertz,spectnrem7hz,,,,,,,,
16 - Signal Processing/EEG/Spectral Analysis,NREM power density at 8.5 Hertz,spectnrem8point5hz,,,,,,,,
16 - Signal Processing/EEG/Spectral Analysis,NREM power density at 8.0 Hertz,spectnrem8hz,,,,,,,,
16 - Signal Processing/EEG/Spectral Analysis,NREM power density at 9.5 Hertz,spectnrem9point5hz,,,,,,,,
16 - Signal Processing/EEG/Spectral Analysis,NREM power density at 9.0 Hertz,spectnrem9hz,,,,,,,,
16 - Signal Processing/EEG/Spectral Analysis,REM power density at 0.5 Hertz,spectrem0point5hz,,,,,,,,
16 - Signal Processing/EEG/Spectral Analysis,REM power density at 0 Hertz,spectrem0hz,,,,,,,,
16 - Signal Processing/EEG/Spectral Analysis,REM power density at 10.5 Hertz,spectrem10point5hz,,,,,,,,
16 - Signal Processing/EEG/Spectral Analysis,REM power density at 10.0 Hertz,spectrem10hz,,,,,,,,
16 - Signal Processing/EEG/Spectral Analysis,REM power density at 11.5 Hertz,spectrem11point5hz,,,,,,,,
16 - Signal Processing/EEG/Spectral Analysis,REM power density at 11.0 Hertz,spectrem11hz,,,,,,,,
16 - Signal Processing/EEG/Spectral Analysis,REM power density at 12.5 Hertz,spectrem12point5hz,,,,,,,,
16 - Signal Processing/EEG/Spectral Analysis,REM power density at 12.0 Hertz,spectrem12hz,,,,,,,,
16 - Signal Processing/EEG/Spectral Analysis,REM power density at 13.5 Hertz,spectrem13point5hz,,,,,,,,
16 - Signal Processing/EEG/Spectral Analysis,REM power density at 13.0 Hertz,spectrem13hz,,,,,,,,
16 - Signal Processing/EEG/Spectral Analysis,REM power density at 14.5 Hertz,spectrem14point5hz,,,,,,,,
16 - Signal Processing/EEG/Spectral Analysis,REM power density at 14.0 Hertz,spectrem14hz,,,,,,,,
16 - Signal Processing/EEG/Spectral Analysis,REM power density at 15.5 Hertz,spectrem15point5hz,,,,,,,,
16 - Signal Processing/EEG/Spectral Analysis,REM power density at 15.0 Hertz,spectrem15hz,,,,,,,,
16 - Signal Processing/EEG/Spectral Analysis,REM power density at 16.5 Hertz,spectrem16point5hz,,,,,,,,
16 - Signal Processing/EEG/Spectral Analysis,REM power density at 16.0 Hertz,spectrem16hz,,,,,,,,
16 - Signal Processing/EEG/Spectral Analysis,REM power density at 17.5 Hertz,spectrem17point5hz,,,,,,,,
16 - Signal Processing/EEG/Spectral Analysis,REM power density at 17.0 Hertz,spectrem17hz,,,,,,,,
16 - Signal Processing/EEG/Spectral Analysis,REM power density at 18.5 Hertz,spectrem18point5hz,,,,,,,,
16 - Signal Processing/EEG/Spectral Analysis,REM power density at 18.0 Hertz,spectrem18hz,,,,,,,,
16 - Signal Processing/EEG/Spectral Analysis,REM power density at 19.5 Hertz,spectrem19point5hz,,,,,,,,
16 - Signal Processing/EEG/Spectral Analysis,REM power density at 19.0 Hertz,spectrem19hz,,,,,,,,
16 - Signal Processing/EEG/Spectral Analysis,REM power density at 1.5 Hertz,spectrem1point5hz,,,,,,,,
16 - Signal Processing/EEG/Spectral Analysis,REM power density at 1.0 Hertz,spectrem1hz,,,,,,,,
16 - Signal Processing/EEG/Spectral Analysis,REM power density at 20.5 Hertz,spectrem20point5hz,,,,,,,,
16 - Signal Processing/EEG/Spectral Analysis,REM power density at 20.0 Hertz,spectrem20hz,,,,,,,,
16 - Signal Processing/EEG/Spectral Analysis,REM power density at 21.5 Hertz,spectrem21point5hz,,,,,,,,
16 - Signal Processing/EEG/Spectral Analysis,REM power density at 21.0 Hertz,spectrem21hz,,,,,,,,
16 - Signal Processing/EEG/Spectral Analysis,REM power density at 22.5 Hertz,spectrem22point5hz,,,,,,,,
16 - Signal Processing/EEG/Spectral Analysis,REM power density at 22.0 Hertz,spectrem22hz,,,,,,,,
16 - Signal Processing/EEG/Spectral Analysis,REM power density at 23.5 Hertz,spectrem23point5hz,,,,,,,,
16 - Signal Processing/EEG/Spectral Analysis,REM power density at 23.0 Hertz,spectrem23hz,,,,,,,,
16 - Signal Processing/EEG/Spectral Analysis,REM power density at 24.5 Hertz,spectrem24point5hz,,,,,,,,
16 - Signal Processing/EEG/Spectral Analysis,REM power density at 24.0 Hertz,spectrem24hz,,,,,,,,
16 - Signal Processing/EEG/Spectral Analysis,REM power density at 25.0 Hertz,spectrem25hz,,,,,,,,
16 - Signal Processing/EEG/Spectral Analysis,REM power density at 2.5 Hertz,spectrem2point5hz,,,,,,,,
16 - Signal Processing/EEG/Spectral Analysis,REM power density at 2.0 Hertz,spectrem2hz,,,,,,,,
16 - Signal Processing/EEG/Spectral Analysis,REM power density at 3.5 Hertz,spectrem3point5hz,,,,,,,,
16 - Signal Processing/EEG/Spectral Analysis,REM power density at 3.0 Hertz,spectrem3hz,,,,,,,,
16 - Signal Processing/EEG/Spectral Analysis,REM power density at 4.5 Hertz,spectrem4point5hz,,,,,,,,
16 - Signal Processing/EEG/Spectral Analysis,REM power density at 4.0 Hertz,spectrem4hz,,,,,,,,
16 - Signal Processing/EEG/Spectral Analysis,REM power density at 5.5 Hertz,spectrem5point5hz,,,,,,,,
16 - Signal Processing/EEG/Spectral Analysis,REM power density at 5.0 Hertz,spectrem5hz,,,,,,,,
16 - Signal Processing/EEG/Spectral Analysis,REM power density at 6.5 Hertz,spectrem6point5hz,,,,,,,,
16 - Signal Processing/EEG/Spectral Analysis,REM power density at 6.0 Hertz,spectrem6hz,,,,,,,,
16 - Signal Processing/EEG/Spectral Analysis,REM power density at 7.5 Hertz,spectrem7point5hz,,,,,,,,
16 - Signal Processing/EEG/Spectral Analysis,REM power density at 7.0 Hertz,spectrem7hz,,,,,,,,
16 - Signal Processing/EEG/Spectral Analysis,REM power density at 8.5 Hertz,spectrem8point5hz,,,,,,,,
16 - Signal Processing/EEG/Spectral Analysis,REM power density at 8.0 Hertz,spectrem8hz,,,,,,,,
16 - Signal Processing/EEG/Spectral Analysis,REM power density at 9.5 Hertz,spectrem9point5hz,,,,,,,,
16 - Signal Processing/EEG/Spectral Analysis,REM power density at 9.0 Hertz,spectrem9hz,,,,,,,,
16 - Signal Processing/EEG/Spectral Analysis,Sigma band end,spectsigmabandend,,,,,,,,
16 - Signal Processing/EEG/Spectral Analysis,Sigma band start,spectsigmabandstart,,,,,,,,
16 - Signal Processing/EEG/Spectral Analysis,Log transformed sigma power density in NREM sleep,spectsigmalognrem,,,,,,,,
16 - Signal Processing/EEG/Spectral Analysis,Log transformed sigma power density in REM sleep,spectsigmalogrem,,,,,,,,
16 - Signal Processing/EEG/Spectral Analysis,Log transformed sigma power density in sleep,spectsigmalogsleep,,,,,,,,
16 - Signal Processing/EEG/Spectral Analysis,Sigma power density in NREM sleep,spectsigmanrem,,,,,,,,
16 - Signal Processing/EEG/Spectral Analysis,Sigma power density in REM sleep,spectsigmarem,,,,,,,,
16 - Signal Processing/EEG/Spectral Analysis,Sigma power density in sleep,spectsigmasleep,,,,,,,,
16 - Signal Processing/EEG/Spectral Analysis,EEG Signal,spectsignal,,,,,,,,
16 - Signal Processing/EEG/Spectral Analysis,Slow oscillations band end,spectslowoscbandend,,,,,,,,
16 - Signal Processing/EEG/Spectral Analysis,Slow oscillations band start,spectslowoscbandstart,,,,,,,,
16 - Signal Processing/EEG/Spectral Analysis,Log transformed slow oscillation power density in NREM sleep,spectslowosclognrem,,,,,,,,
16 - Signal Processing/EEG/Spectral Analysis,Log transformed slow oscillation power density in REM sleep,spectslowosclogrem,,,,,,,,
16 - Signal Processing/EEG/Spectral Analysis,Log transformed slow oscillation power density in sleep,spectslowosclogsleep,,,,,,,,
16 - Signal Processing/EEG/Spectral Analysis,Slow oscillation power density in NREM sleep,spectslowoscnrem,,,,,,,,
16 - Signal Processing/EEG/Spectral Analysis,Slow oscillation power density in REM sleep,spectslowoscrem,,,,,,,,
16 - Signal Processing/EEG/Spectral Analysis,Slow oscillation power density in sleep,spectslowoscsleep,,,,,,,,
16 - Signal Processing/EEG/Spectral Analysis,Slow sigma band end,spectslowsigmabandend,,,,,,,,
16 - Signal Processing/EEG/Spectral Analysis,Slow sigma band start,spectslowsigmabandstart,,,,,,,,
16 - Signal Processing/EEG/Spectral Analysis,Log transformed slow sigma power density in NREM sleep,spectslowsigmalognrem,,,,,,,,
16 - Signal Processing/EEG/Spectral Analysis,Log transformed slow sigma power density in REM sleep,spectslowsigmalogrem,,,,,,,,
16 - Signal Processing/EEG/Spectral Analysis,Log transformed slow sigma power density in sleep,spectslowsigmalogsleep,,,,,,,,
16 - Signal Processing/EEG/Spectral Analysis,Slow sigma power density in NREM sleep,spectslowsigmanrem,,,,,,,,
16 - Signal Processing/EEG/Spectral Analysis,Slow sigma power density in REM sleep,spectslowsigmarem,,,,,,,,
16 - Signal Processing/EEG/Spectral Analysis,Slow sigma power density in sleep,spectslowsigmasleep,,,,,,,,
16 - Signal Processing/EEG/Spectral Analysis,Theta band end,spectthetabandend,,,,,,,,
16 - Signal Processing/EEG/Spectral Analysis,Theta band start,spectthetabandstart,,,,,,,,
16 - Signal Processing/EEG/Spectral Analysis,Log transformed theta power density in NREM sleep,spectthetalognrem,,,,,,,,
16 - Signal Processing/EEG/Spectral Analysis,Log transformed theta power density in REM sleep,spectthetalogrem,,,,,,,,
16 - Signal Processing/EEG/Spectral Analysis,Log transformed theta power density in sleep,spectthetalogsleep,,,,,,,,
16 - Signal Processing/EEG/Spectral Analysis,Theta power density in NREM sleep,spectthetanrem,,,,,,,,
16 - Signal Processing/EEG/Spectral Analysis,Theta power density in REM sleep,spectthetarem,,,,,,,,
16 - Signal Processing/EEG/Spectral Analysis,Theta power density in sleep,spectthetasleep,,,,,,,,
16 - Signal Processing/ECG/Heart Rate Variability/Time,Average of all NN intervals,hrvavnn,,,,,,,,
16 - Signal Processing/ECG/Heart Rate Variability/Time,Standard deviation of all NN intervals,hrvsdnn,,,,,,,,
16 - Signal Processing/ECG/Heart Rate Variability/Time,Standard deviation of the averages of NN intervals in all 5-minute segments of a 24-hour recording,hrvsdann,,,,,,,,
16 - Signal Processing/ECG/Heart Rate Variability/Time,Mean of the standard deviations of NN intervals in all 5-minute segments of a 24-hour recording,hrvsdnnidx,,,,,,,,
16 - Signal Processing/ECG/Heart Rate Variability/Time,Square root of the mean of the squares of differences between adjacent NN intervals,hrvrmssd,,,,,,,,
16 - Signal Processing/ECG/Heart Rate Variability/Time,Percentage of differences between adjacent NN intervals that are greater than 50 ms,hrvpnn50,,,,,,,,
16 - Signal Processing/ECG/Heart Rate Variability/Frequency,Total spectral power of all NN intervals up to 0.04 Hz,hrvtotpwr,,,,,,,,
16 - Signal Processing/ECG/Heart Rate Variability/Frequency,Total spectral power of all NN intervals up to 0.003 Hz,hrvulf,,,,,,,,
16 - Signal Processing/ECG/Heart Rate Variability/Frequency,Total spectral power of all NN intervals between 0.003 and 0.04 Hz,hrvvlf,,,,,,,,
16 - Signal Processing/ECG/Heart Rate Variability/Frequency,Total spectral power of all NN intervals between 0.04 and 0.15 Hz,hrvlf,,,,,,,,
16 - Signal Processing/ECG/Heart Rate Variability/Frequency,Total spectral power of all NN intervals between 0.15 and 0.4 Hz,hrvhf,,,,,,,,
16 - Signal Processing/ECG/Heart Rate Variability/Frequency,Ratio of low to high frequency power,hrvlftohf,,,,,,,,
