category,display_name,id,heartbeat,definition,source,time,method,formula,equipment,link
01 - Demographics,Age,age,age,Age,Heartbeat,Baseline visit,Reported by subject,,Heartbeat physical measurements form,
01 - Demographics,Age,age,agecat,Categorical Age,Heartbeat,Baseline/final visit,Reported by subject,,Heartbeat physical measurements form,
01 - Demographics,Age,age,calc_age,Age,Heartbeat,Baseline/final visit,Reported by subject,,Heartbeat physical measurements form,
01 - Demographics,Ethnicity,ethnicity,ethnicity,HHQB: Ethnicity,Heartbeat,Baseline visit,Reported by subject,,Heartbeat sleep health baseline questionnaire form,
01 - Demographics,Gender,gender,male,Male gender,Heartbeat,Baseline/final visit,,,,
01 - Demographics,Race,race,amerindian,HHQB: Race: American Indian or Alaska Native,,Baseline/final visit,,,,
01 - Demographics,Race,race,asian,HHQB: Race: Asian,,,,,,
01 - Demographics,Race,race,race,HHQB: Race categorical,Heartbeat,,,,,
01 - Demographics,Race,race,race_black,HHQB: Black Race,,,,,,
01 - Demographics,Race,race,race_white,HHQB: White Race,,,,,,
01 - Demographics,Race,race,white,HHQB: Race: White,,,,,,
01 - Demographics,Race,race,otherrace,HHQB: Race: Other,,,,,,
01 - Demographics,Race,race,otherrace_text,HHQB: Race: Other (specify),,,,,,
01 - Demographics,Education,education,,,,,,,,
01 - Demographics,Income,income,hhincome,HHQB: Annual household income before taxes,,,,,,
01 - Demographics,Employed,employed,employment,HHQB: Current employment status,,,,,,
01 - Demographics,Employed,employed,employment_text,HHQB: Unable to work because (specify),,,,,,
01 - Demographics,Shift work,shiftwork,rotatingshifts,HHQB: Work rotating night shifts,,,,,,
01 - Demographics,Shift work,shiftwork,steadyshifts,HHQB: Work steady night shifts,,,,,,
02 - Anthropometry,Body mass index,bmi,bmi_scrn,Body Mass Index,Heartbeat,Baseline visit,Calculated,,,
02 - Anthropometry,Body mass index,bmi,calc_bmi,Calculated Body Mass Index,Heartbeat,Baseline visit,Calculated,,,
02 - Anthropometry,Body mass index Z-Score,bmizscore,,,,,,,,
02 - Anthropometry,Height,height,htcm,Height,Heartbeat,Baseline visit,Measured,,Holtain stadiometer,
02 - Anthropometry,Height,height,htft,Height,Heartbeat,Baseline visit,Measured,,Holtain stadiometer,
02 - Anthropometry,Height,height,htin,Height,Heartbeat,Baseline visit,Measured,,Holtain stadiometer,
02 - Anthropometry,Height,height,heightcm,Height,Heartbeat,Baseline/final visit,Measured,,Heartbeat physical measurements form- Holtain stadiometer,
02 - Anthropometry,Hip circumference,hipcircum,hipcm1,Hip measurement 1,Heartbeat,Baseline/final visit,Measured,,"Heartbeat physical measurements form- inelastic measuring tape 150 cm. long, accurate to 0.1 cm. with a lead before the zero mark",
02 - Anthropometry,Hip circumference,hipcircum,hipcm2,Hip measurement 2,Heartbeat,Baseline/final visit,Measured,,"Heartbeat physical measurements form- inelastic measuring tape 150 cm. long, accurate to 0.1 cm. with a lead before the zero mark",
02 - Anthropometry,Hip circumference,hipcircum,hipmean,Hip Circumference Mean (2 Measurements),Heartbeat,Baseline/final visit,Calculated,hipmean = ( hipcm1 + hipcm2 ) / 2,Heartbeat physical measurements form,
02 - Anthropometry,Neck circumference,neckcircum,neckcm1,Neck measurement 1,Heartbeat,Baseline/final visit,Measured,,"Heartbeat physical measurements form- inelastic measuring tape, 0.5 cm wide for neck, with a lead before the zero mark",
02 - Anthropometry,Neck circumference,neckcircum,neckcm2,Neck measurement 2,Heartbeat,Baseline/final visit,Measured,,"Heartbeat physical measurements form- inelastic measuring tape, 0.5 cm wide for neck, with a lead before the zero mark",
02 - Anthropometry,Neck circumference,neckcircum,neckmean,Neck Circumference Mean (2 Measurements),Heartbeat,Baseline/final visit,Calculated,neckmean = ( neckcm1 + neckcm2 ) / 2,Heartbeat physical measurements form,
02 - Anthropometry,Tonsilar size,tonsilsize,,,,,,,,
02 - Anthropometry,Waist circumference,waistcirum,waistcm1,Waist measurement 1,Heartbeat,Baseline/final visit,Measured,,"Heartbeat physical measurements form- inelastic measuring tape 150 cm. long, accurate to 0.1 cm. with a lead before the zero mark",
02 - Anthropometry,Waist circumference,waistcirum,waistcm2,Waist measurement 2,Heartbeat,Baseline/final visit,Measured,,"Heartbeat physical measurements form- inelastic measuring tape 150 cm. long, accurate to 0.1 cm. with a lead before the zero mark",
02 - Anthropometry,Waist circumference,waistcirum,waistmean,Waist Circumference Mean (2 Measurements),Heartbeat,Baseline/final visit,Calculated,waistmean = ( waistcm1 + waistcm2 ) / 2,Heartbeat physical measurements form,
02 - Anthropometry,Waist/hip ratio,waisthip,,,,,,,,
02 - Anthropometry,Weight,weight,wtkg,Weight,Heartbeat,Baseline visit,Measured,,Healthometer digital scale,
02 - Anthropometry,Weight,weight,wtlb,Weight,Heartbeat,Baseline visit,Measured,,Healthometer digital scale,
02 - Anthropometry,Weight,weight,weightkg,Weight,Heartbeat,Baseline/final visit,Measured,,Heartbeat physical measurements form,
03 - Physiological Measurements,Diastolic blood pressure,diastolicbp,,,,,,,,
03 - Physiological Measurements,Heart rate,heartrate,,,,,,,,
03 - Physiological Measurements,Systolic blood pressure,systolicbp,,,,,,,,
03A - Physiological Measurements - Electrocardiogram,Atrial fibrillation - electrocardiogram,afibekg,atrfib,Atrial fibrillation,Heartbeat,Baseline/final visit,Measured,,Standard 12-lead ECG- MAC 1200 electrocardiograph or an equivalent,
04 - Medical History,Anxiety disorder,anixietyhist,dxanxiety,HHQB: Diagnosed: Anxiety Disorder,Heartbeat,Baseline visit,Reported by subject,,Heartbeat sleep health baseline questionnaire form,
04 - Medical History,Asthma,asthmahist,dxasthma,HHQB: Diagnosed: Asthma,Heartbeat,Baseline visit,Reported by subject,,Heartbeat sleep health baseline questionnaire form,
04 - Medical History,Atrial fibrillation - history,afibhist,dxafib,HHQB: Diagnosed: Atrial Fibrillation,Heartbeat,Baseline visit,Reported by subject,,Heartbeat sleep health baseline questionnaire form,
04 - Medical History,Attention deficit hyperactivity disorder,adhdhist,dxadhd,HHQB: Diagnosed: Attention Deficit Hyperactivity Disorder (ADD/ADHD),Heartbeat,Baseline visit,Reported by subject,,Heartbeat sleep health baseline questionnaire form,
04 - Medical History,Cancer - history,cancerhist,dxcanc,HHQB: Diagnosed: Cancer,Heartbeat,Baseline visit,Reported by subject,,Heartbeat sleep health baseline questionnaire form,
04 - Medical History,Cancer - history,cancerhist,dxcancblood,"HHQB: Diagnosed: Cancer, if yes: Blood (leukemia, lymphoma, other)",Heartbeat,Baseline visit,Reported by subject,,Heartbeat sleep health baseline questionnaire form,
04 - Medical History,Cancer - history,cancerhist,dxcancbreast,"HHQB: Diagnosed: Cancer, if yes: Breast",Heartbeat,Baseline visit,Reported by subject,,Heartbeat sleep health baseline questionnaire form,
04 - Medical History,Cancer - history,cancerhist,dxcanccolon,"HHQB: Diagnosed: Cancer, if yes: Colon",Heartbeat,Baseline visit,Reported by subject,,Heartbeat sleep health baseline questionnaire form,
04 - Medical History,Cancer - history,cancerhist,dxcanclung,"HHQB: Diagnosed: Cancer, if yes: Lung",Heartbeat,Baseline visit,Reported by subject,,Heartbeat sleep health baseline questionnaire form,
04 - Medical History,Cancer - history,cancerhist,dxcancoth,"HHQB: Diagnosed: Cancer, if yes: Other",Heartbeat,Baseline visit,Reported by subject,,Heartbeat sleep health baseline questionnaire form,
04 - Medical History,Cancer - history,cancerhist,dxcancoth_text,"HHQB: Diagnosed: Cancer, if yes: Other (specify)",Heartbeat,Baseline visit,Reported by subject,,Heartbeat sleep health baseline questionnaire form,
04 - Medical History,Cancer - history,cancerhist,dxcancpros,"HHQB: Diagnosed: Cancer, if yes: Prostate",Heartbeat,Baseline visit,Reported by subject,,Heartbeat sleep health baseline questionnaire form,
04 - Medical History,Cardiac arrhythmia - history,arrhythmiahist,dxpacemaker,HHQB: Diagnosed: Implant of Pacemaker or Defibrillator,Heartbeat,Baseline visit,Reported by subject,,Heartbeat sleep health baseline questionnaire form,
04 - Medical History,Cardiovascular disease - history,cvdishist,dxcarotid,HHQB: Diagnosed: Carotid Surgery (Endarterectomy),Heartbeat,Baseline visit,Reported by subject,,Heartbeat sleep health baseline questionnaire form,
04 - Medical History,Chronic obstructive pulmonary disease/emphysema - history,copdhist,dxbronchitis,HHQB: Diagnosed: Chronic Bronchitis,Heartbeat,Baseline visit,Reported by subject,,Heartbeat sleep health baseline questionnaire form,
04 - Medical History,Chronic obstructive pulmonary disease/emphysema - history,copdhist,dxcopd,HHQB: Diagnosed: Emphysema or COPD,Heartbeat,Baseline visit,Reported by subject,,Heartbeat sleep health baseline questionnaire form,
04 - Medical History,Congestive heart failure - history,chfhist,exclusion02,Known congestive heart failure,,,,,,
04 - Medical History,Coronary artery disease - history,cadhist,dxheartattack,HHQB: Diagnosed: Heart attack,Heartbeat,Baseline visit,Reported by subject,,Heartbeat sleep health baseline questionnaire form,
04 - Medical History,Coronary artery disease - history,cadhist,incl04_angio,Established coronary artery disease: Angiostenosis,Heartbeat,Baseline visit,Documented by recruiter,,Heartbeat eligibility form,
04 - Medical History,Coronary artery disease - history,cadhist,incl04_bmi30,Coronary artery disease risk factors: BMI greater than 30,Heartbeat,Baseline visit,Documented by recruiter,,Heartbeat eligibility form,
04 - Medical History,Coronary artery disease - history,cadhist,incl04_carp,Established coronary artery disease: Coronary artery revascularization procedure (CARP),Heartbeat,Baseline visit,Documented by recruiter,,Heartbeat eligibility form,
04 - Medical History,Coronary artery disease - history,cadhist,incl04_priormi,Established coronary artery disease: Prior myocardial infarction,Heartbeat,Baseline visit,Documented by recruiter,,Heartbeat eligibility form,
04 - Medical History,Depression,depresshist,dxdepression,HHQB: Diagnosed: Depression,Heartbeat,Baseline visit,Reported by subject,,Heartbeat sleep health baseline questionnaire form,
04 - Medical History,Diabetes mellitus - history,dmhist,dxdiab,HHQB: Diagnosed: Diabetes,Heartbeat,Baseline visit,Reported by subject,,Heartbeat sleep health baseline questionnaire form,
04 - Medical History,Diabetes mellitus - history,dmhist,incl04_diab,Coronary artery disease risk factors: Diabetes,Heartbeat,Baseline visit,Documented by recruiter,,Heartbeat eligibility form,
04 - Medical History,Eating disorder,eatingdishist,,,,,,,,
04 - Medical History,Eczema,eczemahist,,,,,,,,
04 - Medical History,Gastroesophageal reflux disease,gerdhist,,,,,,,,
04 - Medical History,Hay fever,hayfevhist,,,,,,,,
04 - Medical History,Hypercholesterolemia - history,cholesthist,dxhighchol,HHQB: Diagnosed: High Blood Cholesterol,Heartbeat,Baseline visit,Reported by subject,,Heartbeat sleep health baseline questionnaire form,
04 - Medical History,Hypercholesterolemia - history,cholesthist,incl04_dyslipid,Coronary artery disease risk factors: Dyslipidemia,Heartbeat ,Baselilne visit,Documented by recruiter,,Heartbeat eligibility form,
04 - Medical History,Hypertension - history,htnhist,bantihypertensive,Medications Baseline: Anti-hypertensives?,,,,,,
04 - Medical History,Hypertension - history,htnhist,botherah,Medications Baseline: Other anti-hypertensives?,,,,,,
04 - Medical History,Hypertension - history,htnhist,fantihypertensive,Medications Final: Anti-hypertensives?,,,,,,
04 - Medical History,Hypertension - history,htnhist,fotherah,Medications Final: Other anti-hypertensives?,,,,,,
04 - Medical History,Hypertension - history,htnhist,dxhighbp,HHQB: Diagnosed: High Blood Pressure or Hypertension,Heartbeat,Baseline visit,Reported by subject,,Heartbeat sleep health baseline questionnaire form,
04 - Medical History,Hypertension - history,htnhist,exclusion10,Poorly controlled hypertension,,,,,,
04 - Medical History,Hypertension - history,htnhist,incl04_htn,Coronary artery disease risk factors: Hypertension,Heartbeat,Baseline visit,Documented by recruiter,,Heartbeat eligibility form,
04 - Medical History,Hypertension - history,htnhist,highbp,Have high blood pressure,Heartbeat,Baseline visit,,,,
04 - Medical History,Migraine headache,migrainehist,dxmigraine,HHQB: Diagnosed: Migraine Headaches,Heartbeat,Baseline visit,Reported by subject,,Heartbeat sleep health baseline questionnaire form,
04 - Medical History,Myocardial infarction - history,mihist,dxheartattack,HHQB: Diagnosed: Heart attack,Heartbeat,Baseline visit,Reported by subject,,Heartbeat sleep health baseline questionnaire form,
04 - Medical History,Myocardial infarction - history,mihist,incl04_priormi,Established coronary artery disease: Prior myocardial infarction,Heartbeat,Baseline visit,Documented by recruiter,,Heartbeat eligibility form,
04 - Medical History,Pacemaker placement,ppmhist,dxpacemaker,HHQB: Diagnosed: Implant of Pacemaker or Defibrillator,Heartbeat,Baseline visit,Reported by subject,,Heartbeat sleep health baseline questionnaire form,
04 - Medical History,Seizure disorder/epilepsy - history,seizurehist,dxepilepsy,HHQB: Diagnosed: Epilepsy (Seizure Disorder),Heartbeat,Baseline visit,Reported by subject,,Heartbeat sleep health baseline questionnaire form,
04 - Medical History,Stroke - history,strokehist,dxstroke,HHQB: Diagnosed: Stroke (CVA),Heartbeat,Baseline visit,Reported by subject,,Heartbeat sleep health baseline questionnaire form,
04 - Medical History,Taking cardiovascular medication,cvmedshist,balphablocker,Medications Baseline: Alpha Blocker?,,,,,,
04 - Medical History,Taking cardiovascular medication,cvmedshist,falphablocker,Medications Final: Alpha Blocker?,,,,,,
04 - Medical History,Taking cardiovascular medication,cvmedshist,botherah,Medications Baseline: Other anti-hypertensives?,,,,,,
04 - Medical History,Taking cardiovascular medication,cvmedshist,fotherah,Medications Final: Other anti-hypertensives?,,,,,,
04 - Medical History,Taking cardiovascular medication,cvmedshist,baceinhibitor,Medications Baseline: Ace Inhibitors?,,,,,,
04 - Medical History,Taking cardiovascular medication,cvmedshist,faceinhibitor,Medications Final: Ace Inhibitors?,,,,,,
04 - Medical History,Taking cardiovascular medication,cvmedshist,bbetablocker,Medications Baseline: Beta Blockers?,,,,,,
04 - Medical History,Taking cardiovascular medication,cvmedshist,fbetablocker,Medications Final: Beta Blockers?,,,,,,
04 - Medical History,Taking cardiovascular medication,cvmedshist,bcalciumblocker,Medications Baseline: Calcium Blocker?,,,,,,
04 - Medical History,Taking cardiovascular medication,cvmedshist,fcalciumblocker,Medications Final: Calcium Blocker?,,,,,,
04 - Medical History,Taking cardiovascular medication,cvmedshist,bdiuretic,Medications Baseline: Diuretics usage?,,,,,,
04 - Medical History,Taking cardiovascular medication,cvmedshist,fdiuretic,Medications Final: Diuretics usage?,,,,,,
04 - Medical History,Taking cardiovascular medication,cvmedshist,bperdilator,Medications Baseline: Peripheral dilators?,,,,,,
04 - Medical History,Taking cardiovascular medication,cvmedshist,fperdilator,Medications Final: Peripheral dilators?,,,,,,
04 - Medical History,Transient ischemic attack,tiahist,dxtia,HHQB: Diagnosed: TIA (Transient Ischemic Attack),Heartbeat,Baseline visit,Reported by subject,,Heartbeat sleep health baseline questionnaire form,
04 - Medical History,Peripheral vascular disease,pvdhist,,,,,,,,
04 - Medical History,"Revascularization (PTCA, CABG) - history",revaschist,exclusion01,"Less than 3 months since myocardial infarct, stroke, or revascularization procedure",,,,,,
04 - Medical History,"Revascularization (PTCA, CABG) - history",revaschist,incl04_carp,Established coronary artery disease: Coronary artery revascularization procedure (CARP),,,,,,
04 - Medical History,Angina pectoris,anginahist,,,,,,,,
04 - Medical History,Cardiac arrest - history,cardarresthist,,,,,,,,
04 - Medical History,Bariatric surgery,bariatrichist,,,,,,,,
04A - Medical History - Sleep Disorders,History of adenoidectomy,adenoidhist,,,,,,,,
04A - Medical History - Sleep Disorders,History of adenotonsillectomy ,adenoidtonsilhist,,,,,,,,
04A - Medical History - Sleep Disorders,History of tonsillectomy,tonsilhist,,,,,,,,
04A - Medical History - Sleep Disorders,History of uvulopalatoplasty/oral surgery,upphist,exclusion07,Had Uvulopalatopharyngoplasty surgery,,,,,,
04A - Medical History - Sleep Disorders,Insomnia,insomniahist,dxinsomnia,HHQB: Diagnosed: Insomnia,Heartbeat,Baseline visit,Reported by subject,,Heartbeat sleep health baseline questionnaire form,
04A - Medical History - Sleep Disorders,Narcolepsy,narcolephist,,,,,,,,
04A - Medical History - Sleep Disorders,Periodic limb movement disorder,plmdhist,dxrestlesslegs,HHQB: Diagnosed: Restless Legs or Periodic Leg Movements,Heartbeat,Baseline visit,Reported by subject,,Heartbeat sleep health baseline questionnaire form,
04A - Medical History - Sleep Disorders,Restless legs syndrome,rlshist,dxrestlesslegs,HHQB: Diagnosed: Restless Legs or Periodic Leg Movements,Heartbeat,Baseline visit,Reported by subject,,Heartbeat sleep health baseline questionnaire form,
04A - Medical History - Sleep Disorders,Sleep apnea,apneahist,dxapnea,HHQB: Diagnosed: Sleep Apnea,Heartbeat,Baseline visit,Reported by subject,,Heartbeat sleep health baseline questionnaire form,
04A - Medical History - Sleep Disorders,Use of an oral appliance,oralapphist,,,,,,,,
04A - Medical History - Sleep Disorders,Use of CPAP,cpaphist,exclusion06,Current or past oxygen or CPAP use,Heartbeat,Baseline visit,Documented by recruiter,,Heartbeat eligibility form,
05 - Medications,5-Lipoxygenase Inhibitor,5lipoxinh,,,,,,,,
05 - Medications,Cholinesterase Inhibitor,cholinh,,,,,,,,
05 - Medications,alpha-Adrenergic Blocker,alphablocker,balphablocker,Medications Baseline: Alpha Blocker?,,,,,,
05 - Medications,alpha-Adrenergic Blocker,alphablocker,falphablocker,Medications Final: Alpha Blocker?,,,,,,
05 - Medications,alpha-Glucosidase Inhibitor,alphaglucos,bdiabetes,Medications Baseline: Diabetes medications?,,,,,,
05 - Medications,alpha-Glucosidase Inhibitor,alphaglucos,fdiabetes,Medications Final: Diabetes medications?,,,,,,
05 - Medications,Aldosterone Receptor Blocker,aldostblocker,baldosteroneblocker,Medications Baseline: Aldosterone Blocker?,,,,,,
05 - Medications,Aldosterone Receptor Blocker,aldostblocker,baldosteroneblocker_n,Medications Baseline: Number of Aldosterone Blocker?,,,,,,
05 - Medications,Aldosterone Receptor Blocker,aldostblocker,faldosteroneblocker,Medications Final: Aldosterone Blocker?,,,,,,
05 - Medications,Aldosterone Receptor Blocker,aldostblocker,faldosteroneblocker_n,Medications Final: Number of Aldosterone Blockers?,,,,,,
05 - Medications,Angiotensin 2 Receptor Blocker,arb,botherah,Medications Baseline: Other anti-hypertensives?,,,,,,
05 - Medications,Angiotensin 2 Receptor Blocker,arb,fotherah,Medications Final: Other anti-hypertensives?,,,,,,
05 - Medications,Angiotensin Converting Enzyme Inhibitor,aceinh,baceinhibitor,Medications Baseline: Ace Inhibitors?,,,,,,
05 - Medications,Angiotensin Converting Enzyme Inhibitor,aceinh,faceinhibitor,Medications Final: Ace Inhibitors?,,,,,,
05 - Medications,Antiarrhythmic,antiarrhyth,,,,,,,,
05 - Medications,Anticholinergic,antichol,,,,,,,,
05 - Medications,Anti-coagulant,anticoag,,,,,,,,
05 - Medications,Atypical Antipsychotic,atypicalantipsychot,,,,,,,,
05 - Medications,Benzodiazepine,benzo,,,,,,,,
05 - Medications,Beta 2 Adrenergic Agonist,betaagonist,,,,,,,,
05 - Medications,beta-Adrenergic Blocker,betablocker,bbetablocker,Medications Baseline: Beta Blockers?,,,,,,
05 - Medications,beta-Adrenergic Blocker,betablocker,fbetablocker,Medications Final: Beta Blockers?,,,,,,
05 - Medications,Biguanide,biguanide,bdiabetes,Medications Baseline: Diabetes medications?,,,,,,
05 - Medications,Biguanide,biguanide,fdiabetes,Medications Final: Diabetes medications?,,,,,,
05 - Medications,Bile Acid Sequestrant,bileacidseq,blipidlowering,Medications Baseline: Lipid lowering medications?,,,,,,
05 - Medications,Bile Acid Sequestrant,bileacidseq,flipidlowering,Medications Final: Lipid lowering medications?,,,,,,
05 - Medications,Calcium Channel Blocker,calcchanblocker,bcalciumblocker,Medications Baseline: Calcium Blocker?,,,,,,
05 - Medications,Calcium Channel Blocker,calcchanblocker,fcalciumblocker,Medications Final: Calcium Blocker?,,,,,,
05 - Medications,Cardiac Glycoside,digitalis,,,,,,,,
05 - Medications,Central Nervous System Stimulant,cnsstimulant,,,,,,,,
05 - Medications,Corticosteroid,corticoster,,,,,,,,
05 - Medications,Dihydropyridine Calcium Channel Blocker,dhpcalchanblocker,bcalciumblocker,Medications Baseline: Calcium Blocker?,,,,,,
05 - Medications,Dihydropyridine Calcium Channel Blocker,dhpcalchanblocker,fcalciumblocker,Medications Final: Calcium Blocker?,,,,,,
05 - Medications,Dipeptidyl Peptidase 4 Inhibitor,dpp4inh,bdiabetes,Medications Baseline: Diabetes medications?,,,,,,
05 - Medications,Dipeptidyl Peptidase 4 Inhibitor,dpp4inh,fdiabetes,Medications Final: Diabetes medications?,,,,,,
05 - Medications,Estrogen,estrogen,,,,,,,,
05 - Medications,GLP-1 Receptor Agonist,glp1agonist,bdiabetes,Medications Baseline: Diabetes medications?,,,,,,
05 - Medications,GLP-1 Receptor Agonist,glp1agonist,fdiabetes,Medications Final: Diabetes medications?,,,,,,
05 - Medications,Histamine-2 Receptor Antagonist,h2blocker,,,,,,,,
05 - Medications,HMG-CoA Reductase Inhibitor,hmgcoainh,bstatin,Medications Baseline: Statin usage?,,,,,,
05 - Medications,HMG-CoA Reductase Inhibitor,hmgcoainh,fstatin,Medications Final: Statin usage?,,,,,,
05 - Medications,Hypercholesterolemia,cholloweragent,bstatin,Medications Baseline: Statin usage?,,,,,,
05 - Medications,Hypercholesterolemia,cholloweragent,blipidlowering,Medications Baseline: Lipid lowering medications?,,,,,,
05 - Medications,Hypercholesterolemia,cholloweragent,fstatin,Medications Final: Statin usage?,,,,,,
05 - Medications,Hypercholesterolemia,cholloweragent,flipidlowering,Medications Final: Lipid lowering medications?,,,,,,
05 - Medications,Insulin,insulin,bdiabetes,Medications Baseline: Diabetes medications?,,,,,,
05 - Medications,Insulin,insulin,fdiabetes,Medications Final: Diabetes medications?,,,,,,
05 - Medications,Insulin Analog,insulinanalog,bdiabetes,Medications Baseline: Diabetes medications?,,,,,,
05 - Medications,Insulin Analog,insulinanalog,fdiabetes,Medications Final: Diabetes medications?,,,,,,
05 - Medications,Leukotriene Receptor Antagonist,leukotrantag,,,,,,,,
05 - Medications,Loop Diuretic,loopdiuretic,bdiuretic,Medications Baseline: Diuretics usage?,,,,,,
05 - Medications,Loop Diuretic,loopdiuretic,fdiuretic,Medications Final: Diuretics usage?,,,,,,
05 - Medications,Low Molecular Weight Heparin,lmwheparin,,,,,,,,
05 - Medications,l-Thyroxine,thyroxine,,,,,,,,
05 - Medications,l-Triiodothyronine,triiodothy,,,,,,,,
05 - Medications,Monoamine Oxidase Inhibitor,moainhi,,,,,,,,
05 - Medications,Nicotinic Acid,nicotinicacid,blipidlowering,Medications Baseline: Lipid lowering medications?,,,,,,
05 - Medications,Nicotinic Acid,nicotinicacid,flipidlowering,Medications Final: Lipid lowering medications?,,,,,,
05 - Medications,Nitrate Vasodilator,nitrated,bnitrate,Medications Baseline: Nitrates?,,,,,,
05 - Medications,Nitrate Vasodilator,nitrated,fnitrate,Medications Final: Nitrates?,,,,,,
05 - Medications,Nonergot Dopamine Agonist,nonergotdopam,,,,,,,,
05 - Medications,Nonsteroidal Anti-inflammatory Drug,nsaid,,,,,,,,
05 - Medications,Phosphodiesterase 5 Inhibitor,phospho5inh,,,,,,,,
05 - Medications,Platelet Aggregation Inhibitor,plateletedagginh,,,,,,,,
05 - Medications,Potassium Salt,potassiumsalt,,,,,,,,
05 - Medications,Potassium-sparing Diuretic,potassiumspardiur,bdiuretic,Medications Baseline: Diuretics usage?,,,,,,
05 - Medications,Potassium-sparing Diuretic,potassiumspardiur,fdiuretic,Medications Final: Diuretics usage?,,,,,,
05 - Medications,Progestin,progestin,,,,,,,,
05 - Medications,Proton Pump Inhibitor,ppi,,,,,,,,
05 - Medications,Sulfonylurea,sulfonylurea,bdiabetes,Medications Baseline: Diabetes medications?,,,,,,
05 - Medications,Sulfonylurea,sulfonylurea,fdiabetes,Medications Final: Diabetes medications?,,,,,,
05 - Medications,Sympathomimetic Amine Anorectic,sympathanorect,,,,,,,,
05 - Medications,Sympathomimetic-like Agent,sympathagent,,,,,,,,
05 - Medications,Thiazide Diuretic,thiazide,bdiuretic,Medications Baseline: Diuretics usage?,,,,,,
05 - Medications,Thiazide Diuretic,thiazide,fdiuretic,Medications Final: Diuretics usage?,,,,,,
05 - Medications,Thiazolidinedione,tzd,bdiabetes,Medications Baseline: Diabetes medications?,,,,,,
05 - Medications,Thiazolidinedione,tzd,fdiabetes,Medications Final: Diabetes medications?,,,,,,
05 - Medications,Tricyclic Antidepressant,tca,,,,,,,,
05 - Medications,Typical Antipsychotic,typicalantipsychot,,,,,,,,
05 - Medications,Unfractionated Heparin,unfractheparin,,,,,,,,
05 - Medications,Vasodilator,vasodilator,bperdilator,Medications Baseline: Peripheral dilators?,,,,,,
05 - Medications,Vasodilator,vasodilator,fperdilator,Medications Final: Peripheral dilators?,,,,,,
05 - Medications,Xanthine Oxidase Inhibitor,xanthoxidinh,,,,,,,,
06 - Health Habits,Alcohol consumption,alcohol,alcoholbed,HHQB: Drink alcohol during two hours before bedtime,Heartbeat,Baseline visit,Reported by subject,,Heartbeat sleep health baseline questionnaire form,
06 - Health Habits,Alcohol consumption,alcohol,alcoholoneday,HHQB: Largest number of alcoholic drinks in a day over last year,Heartbeat,Baseline visit,Reported by subject,,Heartbeat sleep health baseline questionnaire form,
06 - Health Habits,Alcohol consumption,alcohol,alcoholweek,HHQB: Days in a week consuming alcohol over last year,Heartbeat,Baseline visit,Reported by subject,,Heartbeat sleep health baseline questionnaire form,
06 - Health Habits,Self reported bed time,selfrepbedtime,,,,,,,,
06 - Health Habits,Self reported wake time,selfrepwaketime,,,,,,,,
06 - Health Habits,Self reported sleep duration,selfrepsleepduration,,,,,,,,
06 - Health Habits,Smoking status,smoking,,,,,,,,
06 - Health Habits,Pack years,packyears,,,,,,,,
06 - Health Habits,Caffeine intake,caffeineintake,caffeine,HHQB: Caffeine consumption in last month,,,,,,
07 - Laboratory Data,Fasting glucose,fastingglucose,sgl,Serum glucose levels,Heartbeat,Baseline/final visit,Fasting venipuncture,,Colorimetric assay - normal range (74-106 mg/dL),
07 - Laboratory Data,Fasting insulin,fastinginsulin,insulin_uu_ml,Insulin levels,Heartbeat,Baseline/final visit,Fasting venipuncture,,immunoassay- normal range (2.6- 24.9 uU/mL ),
07 - Laboratory Data,HDL cholesterol,hdlchol,hdl,High density lipoprotein levels,Heartbeat,Baseline/final visit,Fasting venipuncture,,Colorimetric assay- normal ranges (Highly Desireable: > 60 mg/dL;  Desireable:  35-60 mg/dL; High Risk:  <40 mg/dL),
07 - Laboratory Data,LDL cholesterol,ldlchol,ldl,Low density lipoprotein levels,Heartbeat,Baseline/final visit,Fasting venipuncture,,Colorimetric assay- normal ranges (Desireable: < 130 mg/dL; Borderline: 130-159 mg/dL; High Risk:  >= 160 mg/dL),
07 - Laboratory Data,Total cholesterol,totalchol,chol,Total cholesterol levels,Heartbeat,Baseline/final visit,Fasting venipuncture,,Colorimetric assay- normal ranges (Desireable : < 200 mg/dL; Borderline:  200 – 239 mg/dL; High:  => 240 mg/dL),
07 - Laboratory Data,Triglycerides,triglyc,trig,Triglyceride levels,Heartbeat,Baseline/final visit,Fasting venipuncture,,Colorimetric assay- normal ranges (Normal:<150 mg/dL; Borderline High: 150-199 mg/dL; High; Very High: >=150mg/dL) ,
07 - Laboratory Data,Hemoglobin A1c,hba1c,,,,,,,,
07 - Laboratory Data,Creatinine,creatinine,,,,,,,,
07 - Laboratory Data,Creatinine clearance,creatinineclear,,,,,,,,
08A1 - Sleep Study Data - Acquisition - Sleep Study Type,Type I,type1sleepstudy,,,,,,,,
08A1 - Sleep Study Data - Acquisition - Sleep Study Type,Type II,type2sleepstudy,,,,,,,,
08A1 - Sleep Study Data - Acquisition - Sleep Study Type,Type III,type3sleepstudy,,,,,,,,
08A1 - Sleep Study Data - Acquisition - Sleep Study Type,Type IV,type4sleepstudy,,,,,,,,
08A2 - Sleep Study Data - Acquisition - Sleep Study Location,Laboratory,labsleepstudy,,,,,,,,
08A2 - Sleep Study Data - Acquisition - Sleep Study Location,Home,homesleepstudy,,,,,,,,
08B - Sleep Study Data - Time,Duration of sleep study,sleepstudyduration,totalhrs_emb,Total hours,Heartbeat ,Baseline/final PSG,Measured,,Embletta portable sleep monitoring system; Somnologica Studio 5 scoring software,
08B - Sleep Study Data - Time,Duration of sleep study,sleepstudyduration,totalmin_emb,Total minutes,Heartbeat ,Baseline/final PSG,Measured,,Embletta portable sleep monitoring system; Somnologica Studio 5 scoring software,
08B - Sleep Study Data - Time,Sleep duration,sleepduration,sleepmin,Total Study Time Asleep,Heartbeat ,Baseline/final PSG,Measured,,Embletta portable sleep monitoring system; Somnologica Studio 5 scoring software,
08B - Sleep Study Data - Time,Sleep duration,sleepduration,sleeptotal,Total Study Time Asleep,Heartbeat ,Baseline/final PSG,Measured,,Embletta portable sleep monitoring system; Somnologica Studio 5 scoring software,
08B - Sleep Study Data - Time,Sleep efficiency,sleepefficiency,,,,,,,,
08B - Sleep Study Data - Time,Sleep fragmentation index,sleepfragmentindex,,,,,,,,
08B - Sleep Study Data - Time,Sleep maintenance efficiency,sleepmaintefficiency,,,,,,,,
08B - Sleep Study Data - Time,Sleep onset latency,sleeponsetlatency,,,,,,,,
08B - Sleep Study Data - Time,Time awake after sleep onset,timeawakeaftersleep,,,,,,,,
08B - Sleep Study Data - Time,Time in bed duration,timeinbedduration,,,,,,,,
08C1A - Sleep Study Data - Respiratory - Events - Apnea,Central sleep apnea events,csaevent,nca,Apnea/Hypopnea: Central Number,Heartbeat,Baseline/final PSG,Measured,,Embletta portable sleep monitoring system; Somnologica Studio 5 scoring software,
08C1A - Sleep Study Data - Respiratory - Events - Apnea,Central sleep apnea events,csaevent,ncan,Apnea/Hypopnea: Central Non-Supine,Heartbeat,Baseline/final PSG,Measured,,Embletta portable sleep monitoring system; Somnologica Studio 5 scoring software,
08C1A - Sleep Study Data - Respiratory - Events - Apnea,Central sleep apnea events,csaevent,ncas,Apnea/Hypopnea: Central Supine,Heartbeat,Baseline/final PSG,Measured,,Embletta portable sleep monitoring system; Somnologica Studio 5 scoring software,
08C1A - Sleep Study Data - Respiratory - Events - Apnea,Central sleep apnea events,csaevent,aphyp,Apnea + Hypopnea,Heartbeat,Baseline/final PSG,Measured,,Embletta portable sleep monitoring system; Somnologica Studio 5 scoring software,
08C1A - Sleep Study Data - Respiratory - Events - Apnea,Central sleep apnea events,csaevent,aphypi,Apnea + Hypopnea,Heartbeat,Baseline/final PSG,Measured,,Embletta portable sleep monitoring system; Somnologica Studio 5 scoring software,
08C1A - Sleep Study Data - Respiratory - Events - Apnea,Central sleep apnea events,csaevent,aphypins,Non-Supine Apnea + Hypopnea,Heartbeat,Baseline/final PSG,Measured,,Embletta portable sleep monitoring system; Somnologica Studio 5 scoring software,
08C1A - Sleep Study Data - Respiratory - Events - Apnea,Central sleep apnea events,csaevent,aphypis,Supine Apnea + Hypopnea,Heartbeat,Baseline/final PSG,Measured,,Embletta portable sleep monitoring system; Somnologica Studio 5 scoring software,
08C1A - Sleep Study Data - Respiratory - Events - Apnea,Central sleep apnea events,csaevent,aphypns,Non-Supine Apnea + Hypopnea,Heartbeat,Baseline/final PSG,Measured,,Embletta portable sleep monitoring system; Somnologica Studio 5 scoring software,
08C1A - Sleep Study Data - Respiratory - Events - Apnea,Central sleep apnea events,csaevent,nevent,Apnea/Hypopnea: Total Number,Heartbeat,Baseline/final PSG,Measured,,Embletta portable sleep monitoring system; Somnologica Studio 5 scoring software,
08C1A - Sleep Study Data - Respiratory - Events - Apnea,Central sleep apnea events,csaevent,neventn,Apnea/Hypopnea: Total Non-Supine,Heartbeat,Baseline/final PSG,Measured,,Embletta portable sleep monitoring system; Somnologica Studio 5 scoring software,
08C1A - Sleep Study Data - Respiratory - Events - Apnea,Central sleep apnea events,csaevent,nevents,Apnea/Hypopnea: Total Supine,Heartbeat,Baseline/final PSG,Measured,,Embletta portable sleep monitoring system; Somnologica Studio 5 scoring software,
08C1A - Sleep Study Data - Respiratory - Events - Apnea,Central sleep apnea events,csaevent,nmi,Apnea/Hypopnea: Mixed Number,Heartbeat,Baseline/final PSG,Measured,,Embletta portable sleep monitoring system; Somnologica Studio 5 scoring software,
08C1A - Sleep Study Data - Respiratory - Events - Apnea,Central sleep apnea events,csaevent,nmin,Apnea/Hypopnea: Mixed Non-Supine,Heartbeat,Baseline/final PSG,Measured,,Embletta portable sleep monitoring system; Somnologica Studio 5 scoring software,
08C1A - Sleep Study Data - Respiratory - Events - Apnea,Central sleep apnea events,csaevent,nmis,Apnea/Hypopnea: Mixed Supine,Heartbeat,Baseline/final PSG,Measured,,Embletta portable sleep monitoring system; Somnologica Studio 5 scoring software,
08C1A - Sleep Study Data - Respiratory - Events - Apnea,Central sleep apnea events,csaevent,aphyps,Supine Apnea + Hypopnea,Heartbeat,Baseline/final PSG,Measured,,Embletta portable sleep monitoring system; Somnologica Studio 5 scoring software,
08C1A - Sleep Study Data - Respiratory - Events - Apnea,Central sleep apneas/hour,csaperhr,ncaa,Apnea/Hypopnea: Central Apnea or Hypopnea per hour,Heartbeat,Baseline/final PSG,Calculated,,Embletta portable sleep monitoring system; Somnologica Studio 5 scoring software,
08C1A - Sleep Study Data - Respiratory - Events - Apnea,Central sleep apneas/hour,csaperhr,neventa,Apnea/Hypopnea: Total Apnea or Hypopnea per hour,Heartbeat,Baseline/final PSG,Calculated,,Embletta portable sleep monitoring system; Somnologica Studio 5 scoring software,
08C1A - Sleep Study Data - Respiratory - Events - Apnea,Central sleep apneas/hour,csaperhr,nmia,Apnea/Hypopnea: Mixed Apneas or Hypopneas per hour,Heartbeat,Baseline/final PSG,Calculated,,Embletta portable sleep monitoring system; Somnologica Studio 5 scoring software,
08C1A - Sleep Study Data - Respiratory - Events - Apnea,Average central sleep apnea length,avgcsalength,,,,,,,,
08C1A - Sleep Study Data - Respiratory - Events - Apnea,Obstructive sleep apnea events,osaevent,napnea,Apnea/Hypopnea: Apnea Number,Heartbeat,Baseline/final PSG,Measured,,Embletta portable sleep monitoring system; Somnologica Studio 5 scoring software,
08C1A - Sleep Study Data - Respiratory - Events - Apnea,Obstructive sleep apnea events,osaevent,napnean,Apnea/Hypopnea: Apnea Non-Supine,Heartbeat,Baseline/final PSG,Measured,,Embletta portable sleep monitoring system; Somnologica Studio 5 scoring software,
08C1A - Sleep Study Data - Respiratory - Events - Apnea,Obstructive sleep apnea events,osaevent,napneas,Apnea/Hypopnea: Apnea Supine,Heartbeat,Baseline/final PSG,Measured,,Embletta portable sleep monitoring system; Somnologica Studio 5 scoring software,
08C1A - Sleep Study Data - Respiratory - Events - Apnea,Obstructive sleep apnea events,osaevent,aphyp,Apnea + Hypopnea,Heartbeat,Baseline/final PSG,Measured,,Embletta portable sleep monitoring system; Somnologica Studio 5 scoring software,
08C1A - Sleep Study Data - Respiratory - Events - Apnea,Obstructive sleep apnea events,osaevent,aphypi,Apnea + Hypopnea,Heartbeat,Baseline/final PSG,Measured,,Embletta portable sleep monitoring system; Somnologica Studio 5 scoring software,
08C1A - Sleep Study Data - Respiratory - Events - Apnea,Obstructive sleep apnea events,osaevent,aphypins,Non-Supine Apnea + Hypopnea,Heartbeat,Baseline/final PSG,Measured,,Embletta portable sleep monitoring system; Somnologica Studio 5 scoring software,
08C1A - Sleep Study Data - Respiratory - Events - Apnea,Obstructive sleep apnea events,osaevent,aphypis,Supine Apnea + Hypopnea,Heartbeat,Baseline/final PSG,Measured,,Embletta portable sleep monitoring system; Somnologica Studio 5 scoring software,
08C1A - Sleep Study Data - Respiratory - Events - Apnea,Obstructive sleep apnea events,osaevent,aphypns,Non-Supine Apnea + Hypopnea,Heartbeat,Baseline/final PSG,Measured,,Embletta portable sleep monitoring system; Somnologica Studio 5 scoring software,
08C1A - Sleep Study Data - Respiratory - Events - Apnea,Obstructive sleep apnea events,osaevent,aphyps,Supine Apnea + Hypopnea,Heartbeat,Baseline/final PSG,Measured,,Embletta portable sleep monitoring system; Somnologica Studio 5 scoring software,
08C1A - Sleep Study Data - Respiratory - Events - Apnea,Obstructive sleep apnea events,osaevent,noa,Apnea/Hypopnea: Obstructive Number,Heartbeat,Baseline/final PSG,Measured,,Embletta portable sleep monitoring system; Somnologica Studio 5 scoring software,
08C1A - Sleep Study Data - Respiratory - Events - Apnea,Obstructive sleep apnea events,osaevent,noan,Apnea/Hypopnea: Obstructive Non-Supine,Heartbeat,Baseline/final PSG,Measured,,Embletta portable sleep monitoring system; Somnologica Studio 5 scoring software,
08C1A - Sleep Study Data - Respiratory - Events - Apnea,Obstructive sleep apnea events,osaevent,noas,Apnea/Hypopnea: Obstructive Supine,Heartbeat,Baseline/final PSG,Measured,,Embletta portable sleep monitoring system; Somnologica Studio 5 scoring software,
08C1A - Sleep Study Data - Respiratory - Events - Apnea,Obstructive sleep apnea events,osaevent,nevent,Apnea/Hypopnea: Total Number,Heartbeat,Baseline/final PSG,Measured,,Embletta portable sleep monitoring system; Somnologica Studio 5 scoring software,
08C1A - Sleep Study Data - Respiratory - Events - Apnea,Obstructive sleep apnea events,osaevent,neventn,Apnea/Hypopnea: Total Non-Supine,Heartbeat,Baseline/final PSG,Measured,,Embletta portable sleep monitoring system; Somnologica Studio 5 scoring software,
08C1A - Sleep Study Data - Respiratory - Events - Apnea,Obstructive sleep apnea events,osaevent,nevents,Apnea/Hypopnea: Total Supine,Heartbeat,Baseline/final PSG,Measured,,Embletta portable sleep monitoring system; Somnologica Studio 5 scoring software,
08C1A - Sleep Study Data - Respiratory - Events - Apnea,Obstructive sleep apnea events,osaevent,nmi,Apnea/Hypopnea: Mixed Number,Heartbeat,Baseline/final PSG,Measured,,Embletta portable sleep monitoring system; Somnologica Studio 5 scoring software,
08C1A - Sleep Study Data - Respiratory - Events - Apnea,Obstructive sleep apnea events,osaevent,nmin,Apnea/Hypopnea: Mixed Non-Supine,Heartbeat,Baseline/final PSG,Measured,,Embletta portable sleep monitoring system; Somnologica Studio 5 scoring software,
08C1A - Sleep Study Data - Respiratory - Events - Apnea,Obstructive sleep apnea events,osaevent,nmis,Apnea/Hypopnea: Mixed Supine,Heartbeat,Baseline/final PSG,Measured,,Embletta portable sleep monitoring system; Somnologica Studio 5 scoring software,
08C1A - Sleep Study Data - Respiratory - Events - Apnea,Obstructive sleeps apneas/hour,osaperhr,napneaa,Apnea/Hypopnea: Apnea Apnea or Hypopnea per hour,Heartbeat,Baseline/final PSG,Calculated,,Embletta portable sleep monitoring system; Somnologica Studio 5 scoring software,
08C1A - Sleep Study Data - Respiratory - Events - Apnea,Obstructive sleeps apneas/hour,osaperhr,noaa,Apnea/Hypopnea: Obstructive Apneas or Hypopneas per hour,Heartbeat,Baseline/final PSG,Calculated,,Embletta portable sleep monitoring system; Somnologica Studio 5 scoring software,
08C1A - Sleep Study Data - Respiratory - Events - Apnea,Obstructive sleeps apneas/hour,osaperhr,neventa,Apnea/Hypopnea: Total Apnea or Hypopnea per hour,Heartbeat,Baseline/final PSG,Calculated,,Embletta portable sleep monitoring system; Somnologica Studio 5 scoring software,
08C1A - Sleep Study Data - Respiratory - Events - Apnea,Obstructive sleeps apneas/hour,osaperhr,nmia,Apnea/Hypopnea: Mixed Apneas or Hypopneas per hour,Heartbeat,Baseline/final PSG,Calculated,,Embletta portable sleep monitoring system; Somnologica Studio 5 scoring software,
08C1A - Sleep Study Data - Respiratory - Events - Apnea,Average obstructive sleep apnea length,avgosalength,,,,,,,,
08C1B - Sleep Study Data - Respiratory - Events - Hypopnea,Hyopopnea events,hypopevent,aphyp,Apnea + Hypopnea,Heartbeat,Baseline/final PSG,Measured,,Embletta portable sleep monitoring system; Somnologica Studio 5 scoring software,
08C1B - Sleep Study Data - Respiratory - Events - Hypopnea,Hyopopnea events,hypopevent,aphypi,Apnea + Hypopnea,Heartbeat,Baseline/final PSG,Measured,,Embletta portable sleep monitoring system; Somnologica Studio 5 scoring software,
08C1B - Sleep Study Data - Respiratory - Events - Hypopnea,Hyopopnea events,hypopevent,aphypins,Non-Supine Apnea + Hypopnea,Heartbeat,Baseline/final PSG,Measured,,Embletta portable sleep monitoring system; Somnologica Studio 5 scoring software,
08C1B - Sleep Study Data - Respiratory - Events - Hypopnea,Hyopopnea events,hypopevent,aphypis,Supine Apnea + Hypopnea,Heartbeat,Baseline/final PSG,Measured,,Embletta portable sleep monitoring system; Somnologica Studio 5 scoring software,
08C1B - Sleep Study Data - Respiratory - Events - Hypopnea,Hyopopnea events,hypopevent,aphypns,Non-Supine Apnea + Hypopnea,Heartbeat,Baseline/final PSG,Measured,,Embletta portable sleep monitoring system; Somnologica Studio 5 scoring software,
08C1B - Sleep Study Data - Respiratory - Events - Hypopnea,Hyopopnea events,hypopevent,aphyps,Supine Apnea + Hypopnea,Heartbeat,Baseline/final PSG,Measured,,Embletta portable sleep monitoring system; Somnologica Studio 5 scoring software,
08C1B - Sleep Study Data - Respiratory - Events - Hypopnea,Hyopopnea events,hypopevent,nhyp,Apnea/Hypopnea: Hypopnea Number,Heartbeat,Baseline/final PSG,Measured,,Embletta portable sleep monitoring system; Somnologica Studio 5 scoring software,
08C1B - Sleep Study Data - Respiratory - Events - Hypopnea,Hyopopnea events,hypopevent,nhypn,Apnea/Hypopnea: Hypopnea Non-Supine,Heartbeat,Baseline/final PSG,Measured,,Embletta portable sleep monitoring system; Somnologica Studio 5 scoring software,
08C1B - Sleep Study Data - Respiratory - Events - Hypopnea,Hyopopnea events,hypopevent,nhyps,Apnea/Hypopnea: Hypopnea Supine,Heartbeat,Baseline/final PSG,Measured,,Embletta portable sleep monitoring system; Somnologica Studio 5 scoring software,
08C1B - Sleep Study Data - Respiratory - Events - Hypopnea,Hyopopneas/hour,hypopperhr,napneaa,Apnea/Hypopnea: Apnea Apnea or Hypopnea per hour,Heartbeat,Baseline/final PSG,Calculated,,Embletta portable sleep monitoring system; Somnologica Studio 5 scoring software,
08C1B - Sleep Study Data - Respiratory - Events - Hypopnea,Hyopopneas/hour,hypopperhr,nhypa,Apnea/Hypopnea: Hypopnea Apneas or Hypopneas per hour,Heartbeat,Baseline/final PSG,Calculated,,Embletta portable sleep monitoring system; Somnologica Studio 5 scoring software,
08C1B - Sleep Study Data - Respiratory - Events - Hypopnea,Average hypopnea length,avghypolength,,,,,,,,
08C1C - Sleep Study Data - Respiratory - Events - Desaturation,Desaturation events,desatevent,ndesat,Oxygen Desaturation Events,Heartbeat,Baseline/final PSG,Measured,,Embletta portable sleep monitoring system; Somnologica Studio 5 scoring software,
08C1C - Sleep Study Data - Respiratory - Events - Desaturation,Desaturation events,desatevent,desati,Oxygen Desaturation Events,Heartbeat,Baseline/final PSG,Measured,,Embletta portable sleep monitoring system; Somnologica Studio 5 scoring software,
08C2 - Sleep Study Data - Respiratory - Indices,Apnea hypopnea index,ahi,ahi1,AHI 1,Heartbeat,Baseline/final PSG,Calculated,,Embletta portable sleep monitoring system; Somnologica Studio 5 scoring software,
08C2 - Sleep Study Data - Respiratory - Indices,Apnea hypopnea index,ahi,ahi2,AHI 2,Heartbeat,Baseline PSG,Calculated,,Embletta portable sleep monitoring system; Somnologica Studio 5 scoring software,
08C2 - Sleep Study Data - Respiratory - Indices,Apnea hypopnea index greater than or equal to 15,ahigteq15,,,,,,,,
08C2 - Sleep Study Data - Respiratory - Indices,Central apnea index greater than or equal to 5,caigteq5,,,,,,,,
08C2 - Sleep Study Data - Respiratory - Indices,Central apnea index: all desaturations,caiall,,,,,,,,
08C2 - Sleep Study Data - Respiratory - Indices,Central apnea index: 4% desaturation,cai4percent,,,,,,,,
08C2 - Sleep Study Data - Respiratory - Indices,Central apnea index: 4% desaturation or arousal,cai4percentarousal,,,,,,,,
08C2 - Sleep Study Data - Respiratory - Indices,Obstructive apnea hypopnea index: 4% desaturation,oahi4percent,,,,,,,,
08C2 - Sleep Study Data - Respiratory - Indices,Obstructive apnea index: all desaturations,oaiall,,,,,,,,
08C2 - Sleep Study Data - Respiratory - Indices,Obstructive apnea index: 4% desaturation,oai4percent,,,,,,,,
08C2 - Sleep Study Data - Respiratory - Indices,Obstructive apnea index: 4% desaturation or arousal,oai4percentarousal,,,,,,,,
08C2 - Sleep Study Data - Respiratory - Indices,Respiratory disturbance index: all desaturations,rdiall,,,,,,,,
08C2 - Sleep Study Data - Respiratory - Indices,Respiratory disturbance index: all desaturations or arousal,rdiallarousal,,,,,,,,
08C2 - Sleep Study Data - Respiratory - Indices,Respiratory disturbance index: 2% desaturation,rdi2percent,,,,,,,,
08C2 - Sleep Study Data - Respiratory - Indices,Respiratory disturbance index: 2% desaturation or arousal,rdi2percentarousal,,,,,,,,
08C2 - Sleep Study Data - Respiratory - Indices,Respiratory disturbance index: 3% desaturation,rdi3percent,,,,,,,,
08C2 - Sleep Study Data - Respiratory - Indices,Respiratory disturbance index: 3% desaturation or arousal,rdi3percentarousal,,,,,,,,
08C2 - Sleep Study Data - Respiratory - Indices,Respiratory disturbance index: 4% desaturation,rdi4percent,,,,,,,,
08C2 - Sleep Study Data - Respiratory - Indices,Respiratory disturbance index: 4% desaturation or arousal,rdi4percentarousal,,,,,,,,
08C2 - Sleep Study Data - Respiratory - Indices,Respiratory disturbance index: 5% desaturation,rdi5percent,,,,,,,,
08C2 - Sleep Study Data - Respiratory - Indices,Respiratory disturbance index: 5% desaturation or arousal,rdi5percentarousal,,,,,,,,
08C2 - Sleep Study Data - Respiratory - Indices,Respiratory disturbance index: supine: all desaturations,rdisupall,,,,,,,,
08C2 - Sleep Study Data - Respiratory - Indices,Respiratory disturbance index: supine: 2% desaturation,rdisup2percent,,,,,,,,
08C2 - Sleep Study Data - Respiratory - Indices,Respiratory disturbance index: supine: 3% desaturation,rdisup3percent,,,,,,,,
08C2 - Sleep Study Data - Respiratory - Indices,Respiratory disturbance index: supine: 4% desaturation,rdisup4percent,,,,,,,,
08C2 - Sleep Study Data - Respiratory - Indices,Respiratory disturbance index: supine: 5% desaturation,rdisup5percent,,,,,,,,
08C2 - Sleep Study Data - Respiratory - Indices,Respiratory disturbance index: non-supine: all desaturations,rdinonsupall,,,,,,,,
08C2 - Sleep Study Data - Respiratory - Indices,Respiratory disturbance index: non-supine: 2% desaturation,rdinonsup2percent,,,,,,,,
08C2 - Sleep Study Data - Respiratory - Indices,Respiratory disturbance index: non-supine: 3% desaturation,rdinonsup3percent,,,,,,,,
08C2 - Sleep Study Data - Respiratory - Indices,Respiratory disturbance index: non-supine: 4% desaturation,rdinonsup4percent,,,,,,,,
08C2 - Sleep Study Data - Respiratory - Indices,Respiratory disturbance index: non-supine: 5% desaturation,rdinonsup5percent,,,,,,,,
08C2 - Sleep Study Data - Respiratory - Indices,Respiratory disturbance index: REM: all desaturations,rdiremall,,,,,,,,
08C2 - Sleep Study Data - Respiratory - Indices,Respiratory disturbance index: REM:: 2% desaturation,rdirem2percent,,,,,,,,
08C2 - Sleep Study Data - Respiratory - Indices,Respiratory disturbance index: REM:: 3% desaturation,rdirem3percent,,,,,,,,
08C2 - Sleep Study Data - Respiratory - Indices,Respiratory disturbance index: REM:: 4% desaturation,rdirem4percent,,,,,,,,
08C2 - Sleep Study Data - Respiratory - Indices,Respiratory disturbance index: REM:: 5% desaturation,rdirem5percent,,,,,,,,
08C2 - Sleep Study Data - Respiratory - Indices,Respiratory disturbance index: NREM: all desaturations,rdinremall,,,,,,,,
08C2 - Sleep Study Data - Respiratory - Indices,Respiratory disturbance index: NREM:: 2% desaturation,rdinrem2percent,,,,,,,,
08C2 - Sleep Study Data - Respiratory - Indices,Respiratory disturbance index: NREM:: 3% desaturation,rdinrem3percent,,,,,,,,
08C2 - Sleep Study Data - Respiratory - Indices,Respiratory disturbance index: NREM:: 4% desaturation,rdinrem4percent,,,,,,,,
08C2 - Sleep Study Data - Respiratory - Indices,Respiratory disturbance index: NREM:: 5% desaturation,rdinrem5percent,,,,,,,,
08C3 - Sleep Study Data - Respiratory  - Breathing ,Cheyne Stoke breathing,cheynestokebreath,,,,,,,,
08C3 - Sleep Study Data - Respiratory  - Breathing ,Periodic breathing,periodicbreath,,,,,,,,
08D - Sleep Study Data - Stages,NREM sleep time,nremsleep,,,,,,,,
08D - Sleep Study Data - Stages,REM sleep time,remsleep,,,,,,,,
08D - Sleep Study Data - Stages,Stage N1 sleep time,stagen1sleep,,,,,,,,
08D - Sleep Study Data - Stages,Stage N2 sleep time,stagen2sleep,,,,,,,,
08D - Sleep Study Data - Stages,Stage N3 sleep time,stagen3sleep,,,,,,,,
08D - Sleep Study Data - Stages,Stage 1 sleep time,stage1sleep,,,,,,,,
08D - Sleep Study Data - Stages,Stage 2 sleep time,stage2sleep,,,,,,,,
08D - Sleep Study Data - Stages,Stage 3 sleep time,stage3sleep,,,,,,,,
08E1 - Sleep Study Data - Arousals -Events,Arousal events,arousevents,,,,,,,,
08E2 - Sleep Study Data - Arousals - Indices,Arousal index,arousindex,,,,,,,,
08F1 - Sleep Study Data - Limb Movement - Events,Periodic limb movement events,plmevents,,,,,,,,
08F1 - Sleep Study Data - Limb Movement - Events,Periodic limb movement events with arousal,plmeventsarous,,,,,,,,
08F2 - Sleep Study Data - Limb Movement - Indices,Periodic limb movement events with arousal index,plmeventsarousindex,,,,,,,,
08F2 - Sleep Study Data - Limb Movement - Indices,Periodic limb movement index,plmindex,,,,,,,,
08G1 - Sleep Study Data - Oxygen Saturation - Percent Time,Percent sleep time oxygen saturation < 70%,sleepo2lt70,des50n,Sp02 Range/Position: 50-59% Non-Supine,Heartbeat,Baseline/final PSG,Measured,,Embletta portable sleep monitoring system; Somnologica Studio 5 scoring software,
08G1 - Sleep Study Data - Oxygen Saturation - Percent Time,Percent sleep time oxygen saturation < 70%,sleepo2lt70,des50nc,Sp02 Range/Position: 50-59% Cumulative Non-Supine,Heartbeat,Baseline/final PSG,Measured,,Embletta portable sleep monitoring system; Somnologica Studio 5 scoring software,
08G1 - Sleep Study Data - Oxygen Saturation - Percent Time,Percent sleep time oxygen saturation < 70%,sleepo2lt70,des50s,Sp02 Range/Position: 50-59% Supine,Heartbeat,Baseline/final PSG,Measured,,Embletta portable sleep monitoring system; Somnologica Studio 5 scoring software,
08G1 - Sleep Study Data - Oxygen Saturation - Percent Time,Percent sleep time oxygen saturation < 70%,sleepo2lt70,des50sc,Sp02 Range/Position: 50-59% Cumulative Supine,Heartbeat,Baseline/final PSG,Measured,,Embletta portable sleep monitoring system; Somnologica Studio 5 scoring software,
08G1 - Sleep Study Data - Oxygen Saturation - Percent Time,Percent sleep time oxygen saturation < 70%,sleepo2lt70,des50u,Sp02 Range/Position: 50-59% Upright,Heartbeat,Baseline/final PSG,Measured,,Embletta portable sleep monitoring system; Somnologica Studio 5 scoring software,
08G1 - Sleep Study Data - Oxygen Saturation - Percent Time,Percent sleep time oxygen saturation < 70%,sleepo2lt70,des50uc,Sp02 Range/Position: 50-59% Cumulative Upright,Heartbeat,Baseline/final PSG,Measured,,Embletta portable sleep monitoring system; Somnologica Studio 5 scoring software,
08G1 - Sleep Study Data - Oxygen Saturation - Percent Time,Percent sleep time oxygen saturation < 70%,sleepo2lt70,des60n,Sp02 Range/Position: 60-69% Non-Supine,Heartbeat,Baseline/final PSG,Measured,,Embletta portable sleep monitoring system; Somnologica Studio 5 scoring software,
08G1 - Sleep Study Data - Oxygen Saturation - Percent Time,Percent sleep time oxygen saturation < 70%,sleepo2lt70,des60nc,Sp02 Range/Position: 60-69% Cumulative Non-Supine,Heartbeat,Baseline/final PSG,Measured,,Embletta portable sleep monitoring system; Somnologica Studio 5 scoring software,
08G1 - Sleep Study Data - Oxygen Saturation - Percent Time,Percent sleep time oxygen saturation < 70%,sleepo2lt70,des60s,Sp02 Range/Position: 60-69% Supine,Heartbeat,Baseline/final PSG,Measured,,Embletta portable sleep monitoring system; Somnologica Studio 5 scoring software,
08G1 - Sleep Study Data - Oxygen Saturation - Percent Time,Percent sleep time oxygen saturation < 70%,sleepo2lt70,des60sc,Sp02 Range/Position: 60-69% Cumulative Supine,Heartbeat,Baseline/final PSG,Measured,,Embletta portable sleep monitoring system; Somnologica Studio 5 scoring software,
08G1 - Sleep Study Data - Oxygen Saturation - Percent Time,Percent sleep time oxygen saturation < 70%,sleepo2lt70,des60u,Sp02 Range/Position: 60-69% Upright,Heartbeat,Baseline/final PSG,Measured,,Embletta portable sleep monitoring system; Somnologica Studio 5 scoring software,
08G1 - Sleep Study Data - Oxygen Saturation - Percent Time,Percent sleep time oxygen saturation < 70%,sleepo2lt70,des60uc,Sp02 Range/Position: 60-69% Cumulative Upright,Heartbeat,Baseline/final PSG,Measured,,Embletta portable sleep monitoring system; Somnologica Studio 5 scoring software,
08G1 - Sleep Study Data - Oxygen Saturation - Percent Time,Percent sleep time oxygen saturation < 70%,sleepo2lt70,satlt70m,Sp02: Saturation Less than 70%,Heartbeat,Baseline/final PSG,Measured,,Embletta portable sleep monitoring system; Somnologica Studio 5 scoring software,
08G1 - Sleep Study Data - Oxygen Saturation - Percent Time,Percent sleep time oxygen saturation < 70%,sleepo2lt70,satlt70p,Sp02: Saturation Less than 70%,Heartbeat,Baseline/final PSG,Measured,,Embletta portable sleep monitoring system; Somnologica Studio 5 scoring software,
08G1 - Sleep Study Data - Oxygen Saturation - Percent Time,Percent sleep time oxygen saturation < 75%,sleepo2lt75,des70n,Sp02 Range/Position: 70-79% Non-Supine,Heartbeat,Baseline/final PSG,Measured,,Embletta portable sleep monitoring system; Somnologica Studio 5 scoring software,
08G1 - Sleep Study Data - Oxygen Saturation - Percent Time,Percent sleep time oxygen saturation < 75%,sleepo2lt75,des70nc,Sp02 Range/Position: 70-79% Cumulative Non-Supine,Heartbeat,Baseline/final PSG,Measured,,Embletta portable sleep monitoring system; Somnologica Studio 5 scoring software,
08G1 - Sleep Study Data - Oxygen Saturation - Percent Time,Percent sleep time oxygen saturation < 75%,sleepo2lt75,des70s,Sp02 Range/Position: 70-79% Supine,Heartbeat,Baseline/final PSG,Measured,,Embletta portable sleep monitoring system; Somnologica Studio 5 scoring software,
08G1 - Sleep Study Data - Oxygen Saturation - Percent Time,Percent sleep time oxygen saturation < 75%,sleepo2lt75,des70sc,Sp02 Range/Position: 70-79% Cumulative Supine,Heartbeat,Baseline/final PSG,Measured,,Embletta portable sleep monitoring system; Somnologica Studio 5 scoring software,
08G1 - Sleep Study Data - Oxygen Saturation - Percent Time,Percent sleep time oxygen saturation < 75%,sleepo2lt75,des70u,Sp02 Range/Position: 70-79% Non-Supine,Heartbeat,Baseline/final PSG,Measured,,Embletta portable sleep monitoring system; Somnologica Studio 5 scoring software,
08G1 - Sleep Study Data - Oxygen Saturation - Percent Time,Percent sleep time oxygen saturation < 75%,sleepo2lt75,des70uc,Sp02 Range/Position: 70-79% Cumulative Non-Supine,Heartbeat,Baseline/final PSG,Measured,,Embletta portable sleep monitoring system; Somnologica Studio 5 scoring software,
08G1 - Sleep Study Data - Oxygen Saturation - Percent Time,Percent sleep time oxygen saturation < 80%,sleepo2lt80,des70n,Sp02 Range/Position: 70-79% Non-Supine,Heartbeat,Baseline/final PSG,Measured,,Embletta portable sleep monitoring system; Somnologica Studio 5 scoring software,
08G1 - Sleep Study Data - Oxygen Saturation - Percent Time,Percent sleep time oxygen saturation < 80%,sleepo2lt80,des70nc,Sp02 Range/Position: 70-79% Cumulative Non-Supine,Heartbeat,Baseline/final PSG,Measured,,Embletta portable sleep monitoring system; Somnologica Studio 5 scoring software,
08G1 - Sleep Study Data - Oxygen Saturation - Percent Time,Percent sleep time oxygen saturation < 80%,sleepo2lt80,des70s,Sp02 Range/Position: 70-79% Supine,Heartbeat,Baseline/final PSG,Measured,,Embletta portable sleep monitoring system; Somnologica Studio 5 scoring software,
08G1 - Sleep Study Data - Oxygen Saturation - Percent Time,Percent sleep time oxygen saturation < 80%,sleepo2lt80,des70sc,Sp02 Range/Position: 70-79% Cumulative Supine,Heartbeat,Baseline/final PSG,Measured,,Embletta portable sleep monitoring system; Somnologica Studio 5 scoring software,
08G1 - Sleep Study Data - Oxygen Saturation - Percent Time,Percent sleep time oxygen saturation < 80%,sleepo2lt80,des70u,Sp02 Range/Position: 70-79% Non-Supine,Heartbeat,Baseline/final PSG,Measured,,Embletta portable sleep monitoring system; Somnologica Studio 5 scoring software,
08G1 - Sleep Study Data - Oxygen Saturation - Percent Time,Percent sleep time oxygen saturation < 80%,sleepo2lt80,des70uc,Sp02 Range/Position: 70-79% Cumulative Non-Supine,Heartbeat,Baseline/final PSG,Measured,,Embletta portable sleep monitoring system; Somnologica Studio 5 scoring software,
08G1 - Sleep Study Data - Oxygen Saturation - Percent Time,Percent sleep time oxygen saturation < 80%,sleepo2lt80,satlt80m,Sp02: Saturation Less than 80%,Heartbeat,Baseline/final PSG,Measured,,Embletta portable sleep monitoring system; Somnologica Studio 5 scoring software,
08G1 - Sleep Study Data - Oxygen Saturation - Percent Time,Percent sleep time oxygen saturation < 80%,sleepo2lt80,satlt80p,Sp02: Saturation Less than 80%,Heartbeat,Baseline/final PSG,Measured,,Embletta portable sleep monitoring system; Somnologica Studio 5 scoring software,
08G1 - Sleep Study Data - Oxygen Saturation - Percent Time,Percent sleep time oxygen saturation < 85%,sleepo2lt85,des80n,Sp02 Range/Position: 80-89% Non-Supine,Heartbeat,Baseline/final PSG,Measured,,Embletta portable sleep monitoring system; Somnologica Studio 5 scoring software,
08G1 - Sleep Study Data - Oxygen Saturation - Percent Time,Percent sleep time oxygen saturation < 85%,sleepo2lt85,des80nc,Sp02 Range/Position: 80-89% Cumulative Non-Supine,Heartbeat,Baseline/final PSG,Measured,,Embletta portable sleep monitoring system; Somnologica Studio 5 scoring software,
08G1 - Sleep Study Data - Oxygen Saturation - Percent Time,Percent sleep time oxygen saturation < 85%,sleepo2lt85,des80s,Sp02 Range/Position: 80-89% Supine,Heartbeat,Baseline/final PSG,Measured,,Embletta portable sleep monitoring system; Somnologica Studio 5 scoring software,
08G1 - Sleep Study Data - Oxygen Saturation - Percent Time,Percent sleep time oxygen saturation < 85%,sleepo2lt85,des80sc,Sp02 Range/Position: 80-89% Cumulative Supine,Heartbeat,Baseline/final PSG,Measured,,Embletta portable sleep monitoring system; Somnologica Studio 5 scoring software,
08G1 - Sleep Study Data - Oxygen Saturation - Percent Time,Percent sleep time oxygen saturation < 85%,sleepo2lt85,des80u,Sp02 Range/Position: 80-89% Upright,Heartbeat,Baseline/final PSG,Measured,,Embletta portable sleep monitoring system; Somnologica Studio 5 scoring software,
08G1 - Sleep Study Data - Oxygen Saturation - Percent Time,Percent sleep time oxygen saturation < 85%,sleepo2lt85,des80uc,Sp02 Range/Position: 80-89% Cumulative Upright,Heartbeat,Baseline/final PSG,Measured,,Embletta portable sleep monitoring system; Somnologica Studio 5 scoring software,
08G1 - Sleep Study Data - Oxygen Saturation - Percent Time,Percent sleep time oxygen saturation < 88%,sleepo2lt88,des80n,Sp02 Range/Position: 80-89% Non-Supine,Heartbeat,Baseline/final PSG,Measured,,Embletta portable sleep monitoring system; Somnologica Studio 5 scoring software,
08G1 - Sleep Study Data - Oxygen Saturation - Percent Time,Percent sleep time oxygen saturation < 85%,sleepo2lt85,des80nc,Sp02 Range/Position: 80-89% Cumulative Non-Supine,Heartbeat,Baseline/final PSG,Measured,,Embletta portable sleep monitoring system; Somnologica Studio 5 scoring software,
08G1 - Sleep Study Data - Oxygen Saturation - Percent Time,Percent sleep time oxygen saturation < 85%,sleepo2lt85,des80s,Sp02 Range/Position: 80-89% Supine,Heartbeat,Baseline/final PSG,Measured,,Embletta portable sleep monitoring system; Somnologica Studio 5 scoring software,
08G1 - Sleep Study Data - Oxygen Saturation - Percent Time,Percent sleep time oxygen saturation < 85%,sleepo2lt85,des80sc,Sp02 Range/Position: 80-89% Cumulative Supine,Heartbeat,Baseline/final PSG,Measured,,Embletta portable sleep monitoring system; Somnologica Studio 5 scoring software,
08G1 - Sleep Study Data - Oxygen Saturation - Percent Time,Percent sleep time oxygen saturation < 85%,sleepo2lt85,des80u,Sp02 Range/Position: 80-89% Upright,Heartbeat,Baseline/final PSG,Measured,,Embletta portable sleep monitoring system; Somnologica Studio 5 scoring software,
08G1 - Sleep Study Data - Oxygen Saturation - Percent Time,Percent sleep time oxygen saturation < 85%,sleepo2lt85,des80uc,Sp02 Range/Position: 80-89% Cumulative Upright,Heartbeat,Baseline/final PSG,Measured,,Embletta portable sleep monitoring system; Somnologica Studio 5 scoring software,
08G1 - Sleep Study Data - Oxygen Saturation - Percent Time,Percent sleep time oxygen saturation < 90%,sleepo2lt90,des80n,Sp02 Range/Position: 80-89% Non-Supine,Heartbeat,Baseline/final PSG,Measured,,Embletta portable sleep monitoring system; Somnologica Studio 5 scoring software,
08G1 - Sleep Study Data - Oxygen Saturation - Percent Time,Percent sleep time oxygen saturation < 90%,sleepo2lt90,des80nc,Sp02 Range/Position: 80-89% Cumulative Non-Supine,Heartbeat,Baseline/final PSG,Measured,,Embletta portable sleep monitoring system; Somnologica Studio 5 scoring software,
08G1 - Sleep Study Data - Oxygen Saturation - Percent Time,Percent sleep time oxygen saturation < 90%,sleepo2lt90,des80s,Sp02 Range/Position: 80-89% Supine,Heartbeat,Baseline/final PSG,Measured,,Embletta portable sleep monitoring system; Somnologica Studio 5 scoring software,
08G1 - Sleep Study Data - Oxygen Saturation - Percent Time,Percent sleep time oxygen saturation < 90%,sleepo2lt90,des80sc,Sp02 Range/Position: 80-89% Cumulative Supine,Heartbeat,Baseline/final PSG,Measured,,Embletta portable sleep monitoring system; Somnologica Studio 5 scoring software,
08G1 - Sleep Study Data - Oxygen Saturation - Percent Time,Percent sleep time oxygen saturation < 90%,sleepo2lt90,des80u,Sp02 Range/Position: 80-89% Upright,Heartbeat,Baseline/final PSG,Measured,,Embletta portable sleep monitoring system; Somnologica Studio 5 scoring software,
08G1 - Sleep Study Data - Oxygen Saturation - Percent Time,Percent sleep time oxygen saturation < 90%,sleepo2lt90,des80uc,Sp02 Range/Position: 80-89% Cumulative Upright,Heartbeat,Baseline/final PSG,Measured,,Embletta portable sleep monitoring system; Somnologica Studio 5 scoring software,
08G1 - Sleep Study Data - Oxygen Saturation - Percent Time,Percent sleep time oxygen saturation < 90%,sleepo2lt90,satlt90m,Sp02: Saturation Less than 90%,Heartbeat,Baseline/final PSG,Measured,,Embletta portable sleep monitoring system; Somnologica Studio 5 scoring software,
08G1 - Sleep Study Data - Oxygen Saturation - Percent Time,Percent sleep time oxygen saturation < 90%,sleepo2lt90,satlt90p,Sp02: Saturation Less than 90%,Heartbeat,Baseline/final PSG,Measured,,Embletta portable sleep monitoring system; Somnologica Studio 5 scoring software,
08G1 - Sleep Study Data - Oxygen Saturation - Percent Time,Percent sleep time oxygen saturation < 92%,sleepo2lt92,des90n,Sp02 Range/Position: 90-94% Non-Supine,Heartbeat,Baseline/final PSG,Measured,,Embletta portable sleep monitoring system; Somnologica Studio 5 scoring software,
08G1 - Sleep Study Data - Oxygen Saturation - Percent Time,Percent sleep time oxygen saturation < 92%,sleepo2lt92,des90nc,Sp02 Range/Position: 90-94% Cumulative Non-Supine,Heartbeat,Baseline/final PSG,Measured,,Embletta portable sleep monitoring system; Somnologica Studio 5 scoring software,
08G1 - Sleep Study Data - Oxygen Saturation - Percent Time,Percent sleep time oxygen saturation < 92%,sleepo2lt92,des90s,Sp02 Range/Position: 90-94% Supine,Heartbeat,Baseline/final PSG,Measured,,Embletta portable sleep monitoring system; Somnologica Studio 5 scoring software,
08G1 - Sleep Study Data - Oxygen Saturation - Percent Time,Percent sleep time oxygen saturation < 92%,sleepo2lt92,des90sc,Sp02 Range/Position: 90-94% Cumulative Supine,Heartbeat,Baseline/final PSG,Measured,,Embletta portable sleep monitoring system; Somnologica Studio 5 scoring software,
08G1 - Sleep Study Data - Oxygen Saturation - Percent Time,Percent sleep time oxygen saturation < 92%,sleepo2lt92,des90u,Sp02 Range/Position: 90-94% Upright,Heartbeat,Baseline/final PSG,Measured,,Embletta portable sleep monitoring system; Somnologica Studio 5 scoring software,
08G1 - Sleep Study Data - Oxygen Saturation - Percent Time,Percent sleep time oxygen saturation < 92%,sleepo2lt92,des90uc,Sp02 Range/Position: 90-94% Cumulative Upright,Heartbeat,Baseline/final PSG,Measured,,Embletta portable sleep monitoring system; Somnologica Studio 5 scoring software,
08G1 - Sleep Study Data - Oxygen Saturation - Percent Time,Percent sleep time oxygen saturation < 95%,sleepo2lt95,des90n,Sp02 Range/Position: 90-94% Non-Supine,Heartbeat,Baseline/final PSG,Measured,,Embletta portable sleep monitoring system; Somnologica Studio 5 scoring software,
08G1 - Sleep Study Data - Oxygen Saturation - Percent Time,Percent sleep time oxygen saturation < 95%,sleepo2lt95,des90nc,Sp02 Range/Position: 90-94% Cumulative Non-Supine,Heartbeat,Baseline/final PSG,Measured,,Embletta portable sleep monitoring system; Somnologica Studio 5 scoring software,
08G1 - Sleep Study Data - Oxygen Saturation - Percent Time,Percent sleep time oxygen saturation < 95%,sleepo2lt95,des90s,Sp02 Range/Position: 90-94% Supine,Heartbeat,Baseline/final PSG,Measured,,Embletta portable sleep monitoring system; Somnologica Studio 5 scoring software,
08G1 - Sleep Study Data - Oxygen Saturation - Percent Time,Percent sleep time oxygen saturation < 95%,sleepo2lt95,des90sc,Sp02 Range/Position: 90-94% Cumulative Supine,Heartbeat,Baseline/final PSG,Measured,,Embletta portable sleep monitoring system; Somnologica Studio 5 scoring software,
08G1 - Sleep Study Data - Oxygen Saturation - Percent Time,Percent sleep time oxygen saturation < 95%,sleepo2lt95,des90u,Sp02 Range/Position: 90-94% Upright,Heartbeat,Baseline/final PSG,Measured,,Embletta portable sleep monitoring system; Somnologica Studio 5 scoring software,
08G1 - Sleep Study Data - Oxygen Saturation - Percent Time,Percent sleep time oxygen saturation < 95%,sleepo2lt95,des90uc,Sp02 Range/Position: 90-94% Cumulative Upright,Heartbeat,Baseline/final PSG,Measured,,Embletta portable sleep monitoring system; Somnologica Studio 5 scoring software,
08G2 - Sleep Study Data - Oxygen Saturation - Average,Average oxygen saturation during sleep,avgo2duringsleep,mean_sat,Average Oxygen Saturation,Heartbeat,Baseline/final PSG,Calculated,,Embletta portable sleep monitoring system; Somnologica Studio 5 scoring software,
08G2 - Sleep Study Data - Oxygen Saturation - Average,Average oxygen saturation with respiratory events,avgo2respevents,,,,,,,,
08G3 - Sleep Study Data - Oxygen Saturation - Nadir,Nadir oxygen saturation during sleep,nadiro2duringsleep,minsat,Sp02: Lowest Oxygen Saturation,Heartbeat,Baseline/final PSG,Measured,,Embletta portable sleep monitoring system; Somnologica Studio 5 scoring software,
08G3 - Sleep Study Data - Oxygen Saturation - Nadir,Nadir oxygen saturation with respiratory events,nadiro2respevents,,,,,,,,
08G4 - Sleep Study Data - Oxygen Saturation -  Indices,Oxygen desaturation index,o2desatindex,,,,,,,,
08H - Sleep Study Data - Heart Rate,Average heart rate,avgheartrate,heartsleepmean,Average Heart Rate (asleep),Heartbeat,Baseline/final PSG,Calculated,,Embletta portable sleep monitoring system; Somnologica Studio 5 scoring software,
08H - Sleep Study Data - Heart Rate,Average heart rate,avgheartrate,heartwakemean,Average Heart Rate (wake),Heartbeat,Baseline/final PSG,Calculated,,Embletta portable sleep monitoring system; Somnologica Studio 5 scoring software,
08H - Sleep Study Data - Heart Rate,Average heart rate,avgheartrate,heartallmean,Average Heart Rate (all readings),Heartbeat,Baseline/final PSG,Calculated,,Embletta portable sleep monitoring system; Somnologica Studio 5 scoring software,
08I - Sleep Study Data - Electrocardiogram - Arrhythmia,Atrial fibrillation - polysomonogram - paroxysmal,afibpsgparox,atrfib,Atrial fibrillation,Heartbeat,Baseline/final PSG,Observed,,Embletta portable sleep monitoring system; Somnologica Studio 5 scoring software,
08I - Sleep Study Data - Electrocardiogram - Arrhythmia,Atrial fibrillation - polysomonogram - persistent,afibpsgpersist,atrfib,Atrial fibrillation,Heartbeat,Baseline/final PSG,Observed,,Embletta portable sleep monitoring system; Somnologica Studio 5 scoring software,
08J - Sleep Study Data - Quality,Quality of sleep study,sleepstudyquality,,,,,,,,
08J - Sleep Study Data - Quality,Signal quality code,signalqualitycode,studyqual,Study Quality,Heartbeat,Baseline/final PSG,Coded by scorer,,Embletta scorer QS form,
08K - Sleep Study Data - End-Tidal CO2,Capnograph type,capnotype,,,,,,,,
08K - Sleep Study Data - End-Tidal CO2,Hours of usable CO2,hoursco2,,,,,,,,
08K - Sleep Study Data - End-Tidal CO2,Average end-tidal CO2 - NREM,avgco2nrem,,,,,,,,
08K - Sleep Study Data - End-Tidal CO2,Average end-tidal CO2 - NREM - normalized for capnograph type,avgco2nremnorm,,,,,,,,
08K - Sleep Study Data - End-Tidal CO2,Average end-tidal CO2 - REM,avgco2rem,,,,,,,,
08K - Sleep Study Data - End-Tidal CO2,Average end-tidal CO2 - REM - normalized for capnograph type,avgco2remnorm,,,,,,,,
08K - Sleep Study Data - End-Tidal CO2,Baseline end-tidal CO2 - asleep,baseco2asleep,,,,,,,,
08K - Sleep Study Data - End-Tidal CO2,Baseline end-tidal CO2 - asleep - normalized for capnograph type,baseco2asleepnorm,,,,,,,,
08K - Sleep Study Data - End-Tidal CO2,Baseline end-tidal CO2 - awake,baseco2awake,,,,,,,,
08K - Sleep Study Data - End-Tidal CO2,Baseline end-tidal CO2 - awake - normalized for capnograph type,baseco2awakenorm,,,,,,,,
08K - Sleep Study Data - End-Tidal CO2,Peak end-tidal CO2 - asleep,peakco2asleep,,,,,,,,
08K - Sleep Study Data - End-Tidal CO2,Peak end-tidal CO2 - asleep - normalized for capnograph type,peakco2asleepnorm,,,,,,,,
08K - Sleep Study Data - End-Tidal CO2,Percentage of total sleep time where end-tidal CO2 > 45 mmHg,percentco2gt45,,,,,,,,
08K - Sleep Study Data - End-Tidal CO2,Percentage of total sleep time where end-tidal CO2 > 45 mmHg - normalized for capnograph type,percentco2gt45norm,,,,,,,,
08K - Sleep Study Data - End-Tidal CO2,Percentage of total sleep time where end-tidal CO2 > 50 mmHg,percentco2gt50,,,,,,,,
08K - Sleep Study Data - End-Tidal CO2,Percentage of total sleep time where end-tidal CO2 > 50 mmHg - normalized for capnograph type,percentco2gt50norm,,,,,,,,
10 - Sleep Symptoms,Early morning awakening,earlyawakening,bwakeearly,HHQB: Woke up too early,,,,,,
10 - Sleep Symptoms,Early morning awakening,earlyawakening,fwakeearly,HHQF: Woke up too early,,,,,,
10 - Sleep Symptoms,Epworth Sleepiness Scale score,epworthscore,excl05_escore,Epworth score greater than or equal to 16 (specify),Heartbeat,Baseline visit,Documented by recruiter,,Heartbeat eligibility form,
10 - Sleep Symptoms,Epworth Sleepiness Scale score,epworthscore,exclusion05,Epworth score greater than or equal to 16,,,,,,
10 - Sleep Symptoms,Epworth Sleepiness Scale score,epworthscore,calc_ess,Calculated ESS Score,Heartbeat,Baseline visit,,,,
10 - Sleep Symptoms,Epworth Sleepiness Scale score,epworthscore,escore,ESS Score,Heartbeat,Baseline visit,,,,
10 - Sleep Symptoms,Modified Epworth Sleepiness Scale score,modepworthscore,,,,,,,,
10 - Sleep Symptoms,Functional Outcomes of Sleep Questionnaire score,fosqscore,,,,,,,,
10 - Sleep Symptoms,Functional Outcomes of Sleep Questionnaire - Activity Level subscale,fosqactiv,,,,,,,,
10 - Sleep Symptoms,Functional Outcomes of Sleep Questionnaire - General Productivity subscale ,fosqgenprod,,,,,,,,
10 - Sleep Symptoms,Functional Outcomes of Sleep Questionnaire - Social Outcome subscale,fosqsocout,,,,,,,,
10 - Sleep Symptoms,Functional Outcomes of Sleep Questionnaire - Vigilance subscale,fosqvigil,,,,,,,,
10 - Sleep Symptoms,Pediatric Sleep Questionnaire Sleep-Related Breathing Disorder (PSQ-SRBD) score, psqsrbdscore,,,,,,,,
10 - Sleep Symptoms,Obstructive Sleep Apnea-18 Assessment Tool score,osa18assessscore,,,,,,,,
10 - Sleep Symptoms,Women's Health Initiative Insomnia Rating Scale,whiinitinsomratescale,,,,,,,,
10 - Sleep Symptoms,Pittsburgh Insomnia Rating Scale,pittinsomratescale,,,,,,,,
10 - Sleep Symptoms,Pittsburgh Sleep Quality Index,pittsleepqualindex,,,,,,,,
10 - Sleep Symptoms,Insomnia Severity Index,insomseverindex,,,,,,,,
10 - Sleep Symptoms,Excessive daytime sleepiness,excessdaysleepiness,phq03,"Trouble falling or staying asleep, or sleeping too much",Heartbeat,Baseline/final visit,Reported by subject,,HeartBeat patient health questionnaire (PHQ-9),
10 - Sleep Symptoms,Excessive daytime sleepiness,excessdaysleepiness,bexcsleepy,HHQB: Excessively sleepy,,,,,,
10 - Sleep Symptoms,Excessive daytime sleepiness,excessdaysleepiness,fexcsleepy,HHQF: Excessively sleepy,,,,,,
10 - Sleep Symptoms,Problems falling asleep,probfallasleep,phq03,"Trouble falling or staying asleep, or sleeping too much",Heartbeat,Baseline/final visit,Reported by subject,,HeartBeat patient health questionnaire (PHQ-9),
10 - Sleep Symptoms,Problems falling asleep,probfallasleep,btrfallaslp,HHQB: Trouble falling asleep,,,,,,
10 - Sleep Symptoms,Problems falling asleep,probfallasleep,ftrfallaslp,HHQF: Trouble falling asleep,,,,,,
10 - Sleep Symptoms,Problems staying asleep,probstayasleep,phq03,"Trouble falling or staying asleep, or sleeping too much",Heartbeat,Baseline/final visit,Reported by subject,,HeartBeat patient health questionnaire (PHQ-9),
10 - Sleep Symptoms,Problems staying asleep,probstayasleep,bwakeearly,HHQB: Woke up too early,,,,,,
10 - Sleep Symptoms,Problems staying asleep,probstayasleep,fnotenough,HHQF: Did not get enough sleep,,,,,,
10 - Sleep Symptoms,Problems staying asleep,probstayasleep,fwakeearly,HHQF: Woke up too early,,,,,,
10 - Sleep Symptoms,Unrefreshed sleep,unrefreshsleep,funrested,HHQF: Felt unrested,,,,,,
10A - Sleep Symptoms - Snoring,Habitual snoring,habitsnoring,bsnore,HHQB: Snored in last month,Heartbeat,Baseline visit,Reported by subject,,Heartbeat sleep health baseline questionnaire form,
10A - Sleep Symptoms - Snoring,Habitual snoring,habitsnoring,fsnore,HHQF: Snored in last month,Heartbeat,Final visit,Reported by subject,,Heartbeat sleep health final questionnaire form,
10A - Sleep Symptoms - Snoring,Habitual snoring - frequency,habitsnoringfreq,bsnorefq,HHQB: Frequency of snoring in the last month,Heartbeat,Baseline visit,Reported by subject,,Heartbeat sleep health baseline questionnaire form,
10A - Sleep Symptoms - Snoring,Habitual snoring - frequency,habitsnoringfreq,fsnorefq,HHQF: Frequency of snoring in last month,Heartbeat,Final visit,Reported by subject,,Heartbeat sleep health final questionnaire form,
10A - Sleep Symptoms - Gasping,Snoring/gasping/stopping breathing,snoringgasping,bsnorted,HHQB: Snorted or gasped in the last month,,,,,,
10A - Sleep Symptoms - Gasping,Snoring/gasping/stopping breathing,snoringgasping,bstopbreath,HHQB: Stopped breathing in the last month,,,,,,
10A - Sleep Symptoms - Gasping,Snoring/gasping/stopping breathing,snoringgasping,fsnorted,HHQF: Snorted or gasped in last month,,,,,,
10A - Sleep Symptoms - Gasping,Snoring/gasping/stopping breathing,snoringgasping,fstopbreath,HHQF: Stopped breathing in last month,,,,,,
10A - Sleep Symptoms - Gasping,Snoring/gasping/stopping breathing - frequency,snoringgaspingfreq,bsnortedfq,HHQB: Frequency of snorting or gasping in the last month,,,,,,
10A - Sleep Symptoms - Gasping,Snoring/gasping/stopping breathing - frequency,snoringgaspingfreq,bstopbreathfq,HHQB: Frequency of stopped breathing in the last month,,,,,,
10A - Sleep Symptoms - Gasping,Snoring/gasping/stopping breathing - frequency,snoringgaspingfreq,fsnortedfq,HHQF: Frequency of snorting or gasping in last month,,,,,,
10A - Sleep Symptoms - Gasping,Snoring/gasping/stopping breathing - frequency,snoringgaspingfreq,fstopbreathfq,HHQF: Frequency of stopped breathing in last month,,,,,,
11 - Other Symptoms,Chronic cough,chroniccough,bawakened,HHQB: Awakened in the last month by coughing or wheezing,,,,,,
11 - Other Symptoms,Chronic cough,chroniccough,bcoughing,"HHQB: Awakened in last month, coughing or wheezing",,,,,,
11 - Other Symptoms,Chronic cough,chroniccough,fcoughing,"HHQF: Awakened in last month, coughing or wheezing",,,,,,
11 - Other Symptoms,Nocturnal wheezing,noctwheez,bawakened,HHQB: Awakened in the last month by coughing or wheezing,,,,,,
11 - Other Symptoms,Nocturnal wheezing,noctwheez,bcoughing,"HHQB: Awakened in last month, coughing or wheezing",,,,,,
11 - Other Symptoms,Nocturnal wheezing,noctwheez,fcoughing,"HHQF: Awakened in last month, coughing or wheezing",,,,,,
11 - Other Symptoms,Persistent wheezing,persistwheez,,,,,,,,
12 - Adjudicated Events,Atrial fibrillation - adjudicated event,afibadjud,,,,,,,,
12 - Adjudicated Events,Congestive heart failure - adjudicated event,chfadjud,,,,,,,,
12 - Adjudicated Events,Myocardial infarction - adjudicated event,miadjud,,,,,,,,
12 - Adjudicated Events,Stroke - adjudicated event,strokeadju,,,,,,,,
12 - Adjudicated Events,All cause hospitalization - adjudicated event,hospadju,,,,,,,,
12 - Adjudicated Events,Cardiovascular disease hospitalization - adjudicated event,cvhospadju,,,,,,,,
12 - Adjudicated Events,"Revascularization (PTCA, CABG) - adjudicated event",revascadju,,,,,,,,
12 - Adjudicated Events,Cardiac arrest - adjudicated event,cardarrestadju,,,,,,,,
13 - Spirometry,FEV1,fev1,,,,,,,,
13 - Spirometry,FEV1/FVC,fev1fvcratio,,,,,,,,
13 - Spirometry,FVC,fvc,,,,,,,,
13 - Spirometry,Percent predicted FEV1,percentpredfev1,,,,,,,,
13 - Spirometry,Percent predicted FVC,percentpredfvc,,,,,,,,
14 - Neurocognitive Testing/NEPSY,Developmental Neuropsychological Assessment (NEPSY) - General Conceptual Ability Score,nepsygcas,,,,,,,,
14 - Neurocognitive Testing/NEPSY,Developmental Neuropsychological Assessment (NEPSY) - Phonological Processing,nepsypp,,,,,,,,
14 - Neurocognitive Testing/NEPSY,Developmental Neuropsychological Assessment (NEPSY) - Tower,nepsyt,,,,,,,,
14 - Neurocognitive Testing/NEPSY,Developmental Neuropsychological Assessment (NEPSY) - Auditory Attention and Response Set,nepsyaars,,,,,,,,
14 - Neurocognitive Testing/NEPSY,Developmental Neuropsychological Assessment (NEPSY) - Speeded Naming,nepsysn,,,,,,,,
14 - Neurocognitive Testing/NEPSY,Developmental Neuropsychological Assessment (NEPSY) - Visual Attention,nepsyva,,,,,,,,
14 - Neurocognitive Testing/NEPSY,Developmental Neuropsychological Assessment (NEPSY) - Comprehension of Instructions,nepsycoi,,,,,,,,
14 - Neurocognitive Testing/NEPSY,Developmental Neuropsychological Assessment (NEPSY) - Attention/Executive Function Domain Score,nepsyaefds,,,,,,,,
14 - Neurocognitive Testing/NEPSY,Developmental Neuropsychological Assessment (NEPSY) - Language Domain Score,nepsylds,,,,,,,,
14 - Neurocognitive Testing/NEPSY,Developmental Neuropsychological Assessment (NEPSY) - Arrows,nepsya,,,,,,,,
14 - Neurocognitive Testing/NEPSY-II,Developmental Neuropsychological Assessment-II (NEPSY-II) - Inhibition Naming,nepsy2in,,,,,,,,
14 - Neurocognitive Testing/NEPSY-II,Developmental Neuropsychological Assessment-II (NEPSY-II) - Inhibition-Inhibition,nepsy2ii,,,,,,,,
14 - Neurocognitive Testing/NEPSY-II,Developmental Neuropsychological Assessment-II (NEPSY-II) - Inhibition-Switching,nepsy2is,,,,,,,,
14 - Neurocognitive Testing/NEPSY-II,Developmental Neuropsychological Assessment-II (NEPSY-II) - Contrast between Inhibition Naming vs. Inhibition-Inhibition,nepsy2continvsii,,,,,,,,
14 - Neurocognitive Testing/NEPSY-II,Developmental Neuropsychological Assessment-II (NEPSY-II) - Contrast between Inhibition-Inhibition vs. Inhibition-Switching,nepsy2contiivsis,,,,,,,,
14 - Neurocognitive Testing/NEPSY-II,Developmental Neuropsychological Assessment-II (NEPSY-II) - Inhibition Total Errors,nepsy2ite,,,,,,,,
14 - Neurocognitive Testing/NEPSY-II,Developmental Neuropsychological Assessment-II (NEPSY-II) - Semantic Condition,nepsy2sc,,,,,,,,
14 - Neurocognitive Testing/NEPSY-II,Developmental Neuropsychological Assessment-II (NEPSY-II) - Initial Letter Condition,nepsy2ilc,,,,,,,,
14 - Neurocognitive Testing/NEPSY-II,Developmental Neuropsychological Assessment-II (NEPSY-II) - Contrast between Semantic Condition vs. Initial Letter Condition,nepsy2contscvsilc,,,,,,,,
14 - Neurocognitive Testing/Purdue Pegboard,Purdue Pegboard - Dominant Hand,purduepegdh,,,,,,,,
14 - Neurocognitive Testing/Purdue Pegboard,Purdue Pegboard - Nondominant Hand,purduepegnh,,,,,,,,
14 - Neurocognitive Testing/Purdue Pegboard,Purdue Pegboard - Both Hands,purduepegbh,,,,,,,,
14 - Neurocognitive Testing/VMI,Developmental Test of Visual-Motor Integration (VMI),vmi,,,,,,,,
14 - Neurocognitive Testing/Conner's Rating Scale,Conners' Rating Scale - Caregiver - Long Version Global Index T Score,connerscarelvgitscore,,,,,,,,
14 - Neurocognitive Testing/Conner's Rating Scale,Conners' Rating Scale - Teacher - Long Version Global Index T Score,connersteachlvgitscore,,,,,,,,
14 - Neurocognitive Testing/BRIEF,Behavior Rating of Executive Function (BRIEF) - Caregiver - Global Excecutive Composite T Score,briefcaregectscore,,,,,,,,
14 - Neurocognitive Testing/BRIEF,Behavior Rating of Executive Function (BRIEF) - Teacher - Global Excecutive Composite T Score,briefteachgectscore,,,,,,,,
14 - Neurocognitive Testing/PedsQL,Pediatric Quality of Life Inventory (PedsQL) Score,pedsql,,,,,,,,
14 - Neurocognitive Testing/DAS-II,Differential Ability Scales-II (DAS-II) - Recall of Designs,das2rod,,,,,,,,
14 - Neurocognitive Testing/DAS-II,Differential Ability Scales-II (DAS-II) - Word Definitions,das2wd,,,,,,,,
14 - Neurocognitive Testing/DAS-II,Differential Ability Scales-II (DAS-II) - Pattern Construction,das2pc,,,,,,,,
14 - Neurocognitive Testing/DAS-II,Differential Ability Scales-II (DAS-II) - Matrices,das2m,,,,,,,,
14 - Neurocognitive Testing/DAS-II,Differential Ability Scales-II (DAS-II) - Verbal Similarities,das2vs,,,,,,,,
14 - Neurocognitive Testing/DAS-II,Differential Ability Scales-II (DAS-II) - Sequential and Quantitative Reasoning,das2saqr,,,,,,,,
14 - Neurocognitive Testing/DAS-II,Differential Ability Scales-II (DAS-II) - Verbal Composite,das2vc,,,,,,,,
14 - Neurocognitive Testing/DAS-II,Differential Ability Scales-II (DAS-II) - Nonverbal Reasoning Composite,das2nrc,,,,,,,,
14 - Neurocognitive Testing/DAS-II,Differential Ability Scales-II (DAS-II) - Spatial Composite,das2sc,,,,,,,,
14 - Neurocognitive Testing/DAS-II,Differential Ability Scales-II (DAS-II) - General Cognitive Ability ,das2gca,,,,,,,,
14 - Neurocognitive Testing/DAS-II,Differential Ability Scales-II (DAS-II) - Special Nonverbal Composite ,das2snc,,,,,,,,
14 - Neurocognitive Testing/WRAML2,"Wide Range Assessment of Memory and Learning, Second Edition (WRAML2) - Verbal Learning",wraml2vl,,,,,,,,
14 - Neurocognitive Testing/WRAML2,"Wide Range Assessment of Memory and Learning, Second Edition (WRAML2) - Verbal Learning Recall",wraml2vlrecall,,,,,,,,
14 - Neurocognitive Testing/WRAML2,"Wide Range Assessment of Memory and Learning, Second Edition (WRAML2) - Verbal Learning Recognition",wraml2vlrecog,,,,,,,,
15 - Imaging,Echocardiogram,ech,,,,,,,,
15 - Imaging,Cardiac MRI,cardmri,,,,,,,,
15 - Imaging,Coronary calcium scan,coroncalcscan,,,,,,,,
15 - Imaging,Carotid ultrasound - plaque,carotidusplaque,,,,,,,,
15 - Imaging,Carotid ultrasound - intima media thickness,carotidusimt,,,,,,,,
15 - Imaging,Lung volume assessment,lungvolassess,,,,,,,,
