category,display_name,id,ccshs,definition,source,time,method,formula,equipment,link
01 - Demographics,Age,age,age,Age at time of visit,CCSHS,TREC: lab visit,Reported by child,,TREC: Youth Sleep and Health Questionnaire: Youth Self-Report,
01 - Demographics,Ethnicity,ethnicity,ethnicity,Ethnicity,CCSHS,TREC: lab visit,Reported by child,,TREC: Youth Sleep and Health Questionnaire: Youth Self-Report,
01 - Demographics,Gender,gender,male,Male gender,CCSHS,TREC: lab visit,Reported by child,,TREC: Youth Sleep and Health Questionnaire: Youth Self-Report,
01 - Demographics,Race,race,race3,Race,CCSHS,TREC:  lab visit,Reported by child,,TREC: Youth Sleep and Health Questionnaire: Youth Self-Report,
01 - Demographics,Education,education,,,,,,,,
01 - Demographics,Income,income,ystatus,Rate socioeconomic standing based on ladder,CCSHS,TREC:  lab visit,Reported by parent or guardian,,TREC: Adult Sleep and Health Questionnaire: Adult Self-Report,
01 - Demographics,Employed,employed,,,,,,,,
01 - Demographics,Shift work,shiftwork,,,,,,,,
02 - Anthropometry,Body mass index,bmi,bmi,Body Mass Index (BMI),CCSHS,TREC:  lab visit,calculated,,,
02 - Anthropometry,Body mass index,bmi,bmipct,"BMI percentile (from CDC) for age, gender",CCSHS,TREC:  lab visit,calculated,,,
02 - Anthropometry,Body mass index,bmi,bmige85,Body Mass Index (BMI) >= 85th percentile,CCSHS,TREC:  lab visit,calculated,,,
02 - Anthropometry,Body mass index,bmi,bmige95,Body Mass Index (BMI) >= 95th percentile,CCSHS,TREC:  lab visit,calculated,,,
02 - Anthropometry,Body mass index,bmi,pbmi_dad,Body Mass Index (BMI) of Subject's Father,CCSHS,TREC:  lab visit,calculated,,,
02 - Anthropometry,Body mass index,bmi,pbmi_mom,Body Mass Index (BMI) of Subject's Mother,CCSHS,TREC:  lab visit,calculated,,,
02 - Anthropometry,Body mass index Z-Score,bmizscore,bmiz,"BMI z-score (from CDC) for age, gender",CCSHS,TREC:  lab visit,calculated,,,
02 - Anthropometry,Height,height,htcm,Height,CCSHS,TREC:  lab visit,measured,,,
02 - Anthropometry,Height,height,htpct,"Height percentile (from CDC) for age, gender",CCSHS,TREC:  lab visit,calculated,,,
02 - Anthropometry,Height,height,haz,"Height z-score (from CDC) for age, gender",CCSHS,TREC:  lab visit,measured,,,
02 - Anthropometry,Hip circumference,hipcircum,,,,,,,,
02 - Anthropometry,Neck circumference,neckcircum,,,,,,,,
02 - Anthropometry,Tonsilar size,tonsilsize,,,,,,,,
02 - Anthropometry,Waist circumference,waistcirum,waistcm,Waist circumference,CCSHS,TREC:  lab visit,measured,,,
02 - Anthropometry,Waist circumference,waistcirum,waistpctcat,Waist circumference percentile category,CCSHS,TREC:  lab visit,measured,,,
02 - Anthropometry,Waist circumference,waistcirum,waistge75,"Waist circumference >= 75th percentile for age, gender",CCSHS,TREC:  lab visit,measured,,,
02 - Anthropometry,Waist circumference,waistcirum,waistge90,"Waist circumference >= 90th percentile for age, gender",CCSHS,TREC:  lab visit,measured,,,
02 - Anthropometry,Waist circumference,waistcirum,waistgt75,"Waist circumference > 75th percentile for age, gender",CCSHS,TREC:  lab visit,measured,,,
02 - Anthropometry,Waist circumference,waistcirum,waistgt90,"Waist circumference > 90th percentile for age, gender",CCSHS,TREC:  lab visit,measured,,,
02 - Anthropometry,Waist/hip ratio,waisthip,,,,,,,,
02 - Anthropometry,Weight,weight,wtkg,Weight,CCSHS,TREC:  lab visit,measured,,,
02 - Anthropometry,Weight,weight,wtpct,"Weight percentile (from CDC) for age, gender",CCSHS,TREC:  lab visit,measured,,,
02 - Anthropometry,Weight,weight,waz,"Weight z-score (from CDC) for age, gender",CCSHS,TREC:  lab visit,measured,,,
03 - Physiological Measurements,Diastolic blood pressure,diastolicbp,bp1dias1,Diastolic blood pressure (Evening) time 1,CCSHS,TREC:  lab visit,measured,,"mercury sphygmomanometer, stethoscope, and BP cuff",
03 - Physiological Measurements,Diastolic blood pressure,diastolicbp,bp1dias2,Diastolic blood pressure (Evening) time 2,CCSHS,TREC:  lab visit,measured,,"mercury sphygmomanometer, stethoscope, and BP cuff",
03 - Physiological Measurements,Diastolic blood pressure,diastolicbp,bp1dias3,Diastolic blood pressure (Evening) time 3,CCSHS,TREC:  lab visit,measured,,"mercury sphygmomanometer, stethoscope, and BP cuff",
03 - Physiological Measurements,Diastolic blood pressure,diastolicbp,bp2dias1,Diastolic blood pressure (Morning) time 1,CCSHS,TREC:  lab visit,measured,,"mercury sphygmomanometer, stethoscope, and BP cuff",
03 - Physiological Measurements,Diastolic blood pressure,diastolicbp,bp2dias2,Diastolic blood pressure (Morning) time 2,CCSHS,TREC:  lab visit,measured,,"mercury sphygmomanometer, stethoscope, and BP cuff",
03 - Physiological Measurements,Diastolic blood pressure,diastolicbp,bp2dias3,Diastolic blood pressure (Morning) time 3,CCSHS,TREC:  lab visit,measured,,"mercury sphygmomanometer, stethoscope, and BP cuff",
03 - Physiological Measurements,Diastolic blood pressure,diastolicbp,bpdias,Diastolic blood pressure (mean of 6 measurements),CCSHS,TREC:  lab visit,calculated,,"mercury sphygmomanometer, stethoscope, and BP cuff",
03 - Physiological Measurements,Heart rate,heartrate,bp1hr1,Heart rate (Evening) time 1,CCSHS,TREC:  lab visit,measured,,,
03 - Physiological Measurements,Heart rate,heartrate,bp1hr2,Heart rate (Evening) time 2,CCSHS,TREC:  lab visit,measured,,,
03 - Physiological Measurements,Heart rate,heartrate,bp1hr3,Heart rate (Evening) time 3,CCSHS,TREC:  lab visit,measured,,,
03 - Physiological Measurements,Heart rate,heartrate,bp2hr1,Heart rate (Morning) time 1,CCSHS,TREC:  lab visit,measured,,,
03 - Physiological Measurements,Heart rate,heartrate,bp2hr2,Heart rate (Morning) time 2,CCSHS,TREC:  lab visit,measured,,,
03 - Physiological Measurements,Heart rate,heartrate,bp2hr3,Heart rate (Morning) time 3,CCSHS,TREC:  lab visit,measured,,,
03 - Physiological Measurements,Heart rate,heartrate,bphr,Heart Rate (mean of 6 measurements),CCSHS,TREC:  lab visit,calculated,,,
03 - Physiological Measurements,Systolic blood pressure,systolicbp,bp1sys1,Systolic blood pressure (Evening) time 1,CCSHS,TREC:  lab visit,measured,,,
03 - Physiological Measurements,Systolic blood pressure,systolicbp,bp1sys2,Systolic blood pressure (Evening) time 2,CCSHS,TREC:  lab visit,measured,,,
03 - Physiological Measurements,Systolic blood pressure,systolicbp,bp1sys3,Systolic blood pressure (Evening) time 3,CCSHS,TREC:  lab visit,measured,,,
03 - Physiological Measurements,Systolic blood pressure,systolicbp,bp2sys1,Systolic blood pressure (Morning) time 1,CCSHS,TREC:  lab visit,measured,,,
03 - Physiological Measurements,Systolic blood pressure,systolicbp,bp2sys2,Systolic blood pressure (Morning) time 2,CCSHS,TREC:  lab visit,measured,,,
03 - Physiological Measurements,Systolic blood pressure,systolicbp,bp2sys3,Systolic blood pressure (Morning) time 3,CCSHS,TREC:  lab visit,measured,,,
03 - Physiological Measurements,Systolic blood pressure,systolicbp,bpsys,Systolic blood pressure (mean of 6 measurements),CCSHS,TREC:  lab visit,calculated,,,
03A - Physiological Measurements - Electrocardiogram,Atrial fibrillation - electrocardiogram,afibekg,,,,,,,,
04 - Medical History,Anxiety disorder,anixietyhist,,,,,,,,
04 - Medical History,Asthma,asthmahist,,,,,,,,
04 - Medical History,Atrial fibrillation - history,afibhist,,,,,,,,
04 - Medical History,Attention deficit hyperactivity disorder,adhdhist,,,,,,,,
04 - Medical History,Cancer - history,cancerhist,,,,,,,,
04 - Medical History,Cardiac arrhythmia - history,arrhythmiahist,,,,,,,,
04 - Medical History,Cardiovascular disease - history,cvdishist,,,,,,,,
04 - Medical History,Chronic obstructive pulmonary disease/emphysema - history,copdhist,,,,,,,,
04 - Medical History,Congestive heart failure - history,chfhist,,,,,,,,
04 - Medical History,Coronary artery disease - history,cadhist,,,,,,,,
04 - Medical History,Depression,depresshist,,,,,,,,
04 - Medical History,Diabetes mellitus - history,dmhist,,,,,,,,
04 - Medical History,Eating disorder,eatingdishist,,,,,,,,
04 - Medical History,Eczema,eczemahist,,,,,,,,
04 - Medical History,Gastroesophageal reflux disease,gerdhist,,,,,,,,
04 - Medical History,Hay fever,hayfevhist,,,,,,,,
04 - Medical History,Hypercholesterolemia - history,cholesthist,,,,,,,,
04 - Medical History,Hypertension - history,htnhist,,,,,,,,
04 - Medical History,Migraine headache,migrainehist,,,,,,,,
04 - Medical History,Myocardial infarction - history,mihist,,,,,,,,
04 - Medical History,Pacemaker placement,ppmhist,,,,,,,,
04 - Medical History,Seizure disorder/epilepsy - history,seizurehist,,,,,,,,
04 - Medical History,Stroke - history,strokehist,,,,,,,,
04 - Medical History,Taking cardiovascular medication,cvmedshist,,,,,,,,
04 - Medical History,Transient ischemic attack,tiahist,,,,,,,,
04 - Medical History,Peripheral vascular disease,pvdhist,,,,,,,,
04 - Medical History,"Revascularization (PTCA, CABG) - history",revaschist,,,,,,,,
04 - Medical History,Angina pectoris,anginahist,,,,,,,,
04 - Medical History,Cardiac arrest - history,cardarresthist,,,,,,,,
04 - Medical History,Bariatric surgery,bariatrichist,,,,,,,,
04A - Medical History - Sleep Disorders,History of adenoidectomy,adenoidhist,,,,,,,,
04A - Medical History - Sleep Disorders,History of adenotonsillectomy ,adenoidtonsilhist,,,,,,,,
04A - Medical History - Sleep Disorders,History of tonsillectomy,tonsilhist,,,,,,,,
04A - Medical History - Sleep Disorders,History of uvulopalatoplasty/oral surgery,upphist,,,,,,,,
04A - Medical History - Sleep Disorders,Insomnia,insomniahist,,,,,,,,
04A - Medical History - Sleep Disorders,Narcolepsy,narcolephist,,,,,,,,
04A - Medical History - Sleep Disorders,Periodic limb movement disorder,plmdhist,,,,,,,,
04A - Medical History - Sleep Disorders,Restless legs syndrome,rlshist,,,,,,,,
04A - Medical History - Sleep Disorders,Sleep apnea,apneahist,,,,,,,,
04A - Medical History - Sleep Disorders,Use of an oral appliance,oralapphist,,,,,,,,
04A - Medical History - Sleep Disorders,Use of CPAP,cpaphist,,,,,,,,
04A - Medical History - Sleep Disorders,Chronic insomnia disorder,chronicinsomniahist,,,insomniahist,,,,,
04A - Medical History - Sleep Disorders,Short-term insomnia disorder,shortterminsomniahist,,,insomniahist,,,,,
04A - Medical History - Sleep Disorders,Other insomnia disorder,otherinsomniahist,,,insomniahist,,,,,
04A - Medical History - Sleep Disorders,"Obstructive sleep apnea, adult",osaadulthist,,,apneahist,,,,,
04A - Medical History - Sleep Disorders,"Obstructive sleep apnea, pediatric",osapedhist,,,apneahist,,,,,
04A - Medical History - Sleep Disorders,Central sleep apnea with Cheyne-Stokes breathing,csawithcheynehist,,,apneahist,,,,,
04A - Medical History - Sleep Disorders,Central apnea due to a medical disorder without Cheyne-Stokes breathing,csadisordwithoutcheynehist,,,apneahist,,,,,
04A - Medical History - Sleep Disorders,Central sleep apnea due to high altitude periodic breathing,csahighalthist,,,apneahist,,,,,
04A - Medical History - Sleep Disorders,Central sleep apnea due to a medication or substance,csamedsubhist,,,apneahist,,,,,
04A - Medical History - Sleep Disorders,Primary central sleep apnea,primarycsahist,,,apneahist,,,,,
04A - Medical History - Sleep Disorders,Primary central sleep apnea of infancy,primarycsainfhist,,,apneahist,,,,,
04A - Medical History - Sleep Disorders,Primary central sleep apnea of prematurity,primarycsapremhist,,,apneahist,,,,,
04A - Medical History - Sleep Disorders,Treatment-emergent central sleep apnea,treatemergcsahist,,,apneahist,,,,,
04A - Medical History - Sleep Disorders,Obesity hypoventilation syndrome,obeshypohist,,,,,,,,
04A - Medical History - Sleep Disorders,Congenital central alveolar hypoventilation syndrome,congencenthypohist,,,,,,,,
04A - Medical History - Sleep Disorders,Late-onset central hypoventilation with hypothalamic dysfunction,latecenthypohypothalhist,,,,,,,,
04A - Medical History - Sleep Disorders,Idiopathic central alveolar hypoventilation,idiopathcenthypohist,,,,,,,,
04A - Medical History - Sleep Disorders,Sleep related hypoventilation due to a medication or substance,sleephypomedsubhist,,,,,,,,
04A - Medical History - Sleep Disorders,Sleep related hypoventilation due to a medical disorder,sleephypodisordhist,,,,,,,,
04A - Medical History - Sleep Disorders,Narcolepsy type 1,narcoleptype1hist,,,narcolephist,,,,,
04A - Medical History - Sleep Disorders,Narcolepsy type 2,narcoleptype2hist,,,narcolephist,,,,,
04A - Medical History - Sleep Disorders,Idiopathic hypersomnia,idiopathhypersomhist,,,narcolephist,,,,,
04A - Medical History - Sleep Disorders,Kleine-Levin syndrome,kleinelevinhist,,,narcolephist,,,,,
04A - Medical History - Sleep Disorders,Hypersomnia due to a medical disorder,hypersomdisordhist,,,narcolephist,,,,,
04A - Medical History - Sleep Disorders,Hypersomnia due to a medication or substance,hypersommedsubhist,,,narcolephist,,,,,
04A - Medical History - Sleep Disorders,Hypersomnia associated with a psychiatric disorder,hypersompsychhist,,,narcolephist,,,,,
04A - Medical History - Sleep Disorders,Insufficient sleep syndrome,insuffsleephist,,, ,,,,,
04A - Medical History - Sleep Disorders,Sleep related leg cramps,sleeplegcramphist,,,plmdhist,,,,,
04A - Medical History - Sleep Disorders,Sleep related bruxism,sleepbruxhist,,,,,,,,
04A - Medical History - Sleep Disorders,Sleep related rhythmic movement disorder,sleeprhthymmdhist,,,plmdhist,,,,,
04A - Medical History - Sleep Disorders,Benign sleep myoclonus of infancy,sleepmyocloninfhist,,,plmdhist,,,,,
04A - Medical History - Sleep Disorders,Propriospinal myoclonus at sleep onset,propmyoclonhist,,,plmdhist,,,,,
04A - Medical History - Sleep Disorders,Sleep related movement disorder due to a medical disorder,sleepmddisordhist,,,plmdhist,,,,,
04A - Medical History - Sleep Disorders,Sleep related movement disorder due to a medication or substance,sleepmdmedsubhist,,,plmdhist,,,,,
04A - Medical History - Sleep Disorders,"Sleep related movement disorder, unspecified",sleepmdhist,,,plmdhist,,,,,
05 - Medications,5-Lipoxygenase Inhibitor,5lipoxinh,,,,,,,,
05 - Medications,Cholinesterase Inhibitor,cholinh,,,,,,,,
05 - Medications,alpha-Adrenergic Blocker,alphablocker,,,,,,,,
05 - Medications,alpha-Glucosidase Inhibitor,alphaglucos,,,,,,,,
05 - Medications,Aldosterone Receptor Blocker,aldostblocker,,,,,,,,
05 - Medications,Angiotensin 2 Receptor Blocker,arb,,,,,,,,
05 - Medications,Angiotensin Converting Enzyme Inhibitor,aceinh,,,,,,,,
05 - Medications,Antiarrhythmic,antiarrhyth,,,,,,,,
05 - Medications,Anticholinergic,antichol,,,,,,,,
05 - Medications,Anti-coagulant,anticoag,,,,,,,,
05 - Medications,Atypical Antipsychotic,atypicalantipsychot,,,,,,,,
05 - Medications,Benzodiazepine,benzo,,,,,,,,
05 - Medications,Beta 2 Adrenergic Agonist,betaagonist,,,,,,,,
05 - Medications,beta-Adrenergic Blocker,betablocker,,,,,,,,
05 - Medications,Biguanide,biguanide,,,,,,,,
05 - Medications,Bile Acid Sequestrant,bileacidseq,,,,,,,,
05 - Medications,Calcium Channel Blocker,calcchanblocker,,,,,,,,
05 - Medications,Cardiac Glycoside,digitalis,,,,,,,,
05 - Medications,Central Nervous System Stimulant,cnsstimulant,,,,,,,,
05 - Medications,Corticosteroid,corticoster,,,,,,,,
05 - Medications,Dihydropyridine Calcium Channel Blocker,dhpcalchanblocker,,,,,,,,
05 - Medications,Dipeptidyl Peptidase 4 Inhibitor,dpp4inh,,,,,,,,
05 - Medications,Estrogen,estrogen,,,,,,,,
05 - Medications,GLP-1 Receptor Agonist,glp1agonist,,,,,,,,
05 - Medications,Histamine-2 Receptor Antagonist,h2blocker,,,,,,,,
05 - Medications,HMG-CoA Reductase Inhibitor,hmgcoainh,,,,,,,,
05 - Medications,Hypercholesterolemia,cholloweragent,,,,,,,,
05 - Medications,Insulin,insulin,,,,,,,,
05 - Medications,Insulin Analog,insulinanalog,,,,,,,,
05 - Medications,Leukotriene Receptor Antagonist,leukotrantag,,,,,,,,
05 - Medications,Loop Diuretic,loopdiuretic,,,,,,,,
05 - Medications,Low Molecular Weight Heparin,lmwheparin,,,,,,,,
05 - Medications,l-Thyroxine,thyroxine,,,,,,,,
05 - Medications,l-Triiodothyronine,triiodothy,,,,,,,,
05 - Medications,Monoamine Oxidase Inhibitor,moainhi,,,,,,,,
05 - Medications,Nicotinic Acid,nicotinicacid,,,,,,,,
05 - Medications,Nitrate Vasodilator,nitrated,,,,,,,,
05 - Medications,Nonergot Dopamine Agonist,nonergotdopam,,,,,,,,
05 - Medications,Nonsteroidal Anti-inflammatory Drug,nsaid,,,,,,,,
05 - Medications,Phosphodiesterase 5 Inhibitor,phospho5inh,,,,,,,,
05 - Medications,Platelet Aggregation Inhibitor,plateletedagginh,,,,,,,,
05 - Medications,Potassium Salt,potassiumsalt,,,,,,,,
05 - Medications,Potassium-sparing Diuretic,potassiumspardiur,,,,,,,,
05 - Medications,Progestin,progestin,,,,,,,,
05 - Medications,Proton Pump Inhibitor,ppi,,,,,,,,
05 - Medications,Sulfonylurea,sulfonylurea,,,,,,,,
05 - Medications,Sympathomimetic Amine Anorectic,sympathanorect,,,,,,,,
05 - Medications,Sympathomimetic-like Agent,sympathagent,,,,,,,,
05 - Medications,Thiazide Diuretic,thiazide,,,,,,,,
05 - Medications,Thiazolidinedione,tzd,,,,,,,,
05 - Medications,Tricyclic Antidepressant,tca,,,,,,,,
05 - Medications,Typical Antipsychotic,typicalantipsychot,,,,,,,,
05 - Medications,Unfractionated Heparin,unfractheparin,,,,,,,,
05 - Medications,Vasodilator,vasodilator,,,,,,,,
05 - Medications,Xanthine Oxidase Inhibitor,xanthoxidinh,,,,,,,,
06 - Health Habits,Alcohol consumption,alcohol,,,,,,,,
06 - Health Habits,Self reported bed time,selfrepbedtime,wd_bedtime,Self-reported bedtime (Weekday),CCSHS,TREC:  lab visit,Reported by child/Reported by parent or guardian,,TREC: Youth Sleep and Health Questionnaire: Youth Self-Report/TREC: Adult Sleep and Health Questionnaire: Adult Self-Report,
06 - Health Habits,Self reported bed time,selfrepbedtime,we_bedtime,Self-reported bedtime (Weekend),CCSHS,TREC:  lab visit,Reported by child/Reported by parent or guardian,,TREC: Youth Sleep and Health Questionnaire: Youth Self-Report/TREC: Adult Sleep and Health Questionnaire: Adult Self-Report,
06 - Health Habits,Self reported wake time,selfrepwaketime,wd_waketime,Self-reported wake time (Weekday),CCSHS,TREC:  lab visit,Reported by child/Reported by parent or guardian,,TREC: Youth Sleep and Health Questionnaire: Youth Self-Report/TREC: Adult Sleep and Health Questionnaire: Adult Self-Report,
06 - Health Habits,Self reported wake time,selfrepwaketime,we_waketime,Self-reported Wake Time (Weekend),CCSHS,TREC:  lab visit,Reported by child/Reported by parent or guardian,,TREC: Youth Sleep and Health Questionnaire: Youth Self-Report/TREC: Adult Sleep and Health Questionnaire: Adult Self-Report,
06 - Health Habits,Self reported sleep duration,selfrepsleepduration,wd_slpdur,Self-reported weekday sleep time,CCSHS,TREC:  lab visit,calculated,,TREC: Youth Sleep and Health Questionnaire: Youth Self-Report/TREC: Adult Sleep and Health Questionnaire: Adult Self-Report,
06 - Health Habits,Self reported sleep duration,selfrepsleepduration,wd_slpdur_hr,Self-reported weekday sleep time,CCSHS,TREC:  lab visit,calculated,,TREC: Youth Sleep and Health Questionnaire: Youth Self-Report/TREC: Adult Sleep and Health Questionnaire: Adult Self-Report,
06 - Health Habits,Self reported sleep duration,selfrepsleepduration,we_slpdur,Self-reported weekend sleep time,CCSHS,TREC:  lab visit,calculated,,TREC: Youth Sleep and Health Questionnaire: Youth Self-Report/TREC: Adult Sleep and Health Questionnaire: Adult Self-Report,
06 - Health Habits,Self reported sleep duration,selfrepsleepduration,we_slpdur_hr,Self-reported weekend sleep time,CCSHS,TREC:  lab visit,calculated,,TREC: Youth Sleep and Health Questionnaire: Youth Self-Report/TREC: Adult Sleep and Health Questionnaire: Adult Self-Report,
06 - Health Habits,Self reported sleep duration,selfrepsleepduration,ysleeptime_hr,Self-reported sleep time across all days,CCSHS,TREC:  lab visit,calculated,(ysleeptime_hr = 5/7 *wd_slpdur_hr + 2/7*we_slpdur_hr),TREC: Youth Sleep and Health Questionnaire: Youth Self-Report/TREC: Adult Sleep and Health Questionnaire: Adult Self-Report,
06 - Health Habits,Self reported sleep duration,selfrepsleepduration,ysleeptime_min,Sleep time from self-reported bed and wake times in minutes (all days),CCSHS,TREC:  lab visit,calculated,(ysleeptime_min = 5/7 * wd_slpdur + 2/7*we_slpdur ),TREC: Youth Sleep and Health Questionnaire: Youth Self-Report/TREC: Adult Sleep and Health Questionnaire: Adult Self-Report,
06 - Health Habits,Self reported sleep duration,selfrepsleepduration,ysleeptime_s,Sleep time from self-reported usual sleep time (all days),CCSHS,TREC:  lab visit,calculated,(ysleeptime_s = 5/7 * ywd_slpdur + 2/7*ywe_slpdur ),TREC: Youth Sleep and Health Questionnaire: Youth Self-Report/TREC: Adult Sleep and Health Questionnaire: Adult Self-Report,
06 - Health Habits,Self reported sleep duration,selfrepsleepduration,ywd_slpdur,Sleep time from self-reported usual sleep time (Weekday),CCSHS,TREC:  lab visit,calculated,(ywd_slpdur = (ywdslhr * 60) + ywdslmn),TREC: Youth Sleep and Health Questionnaire: Youth Self-Report/TREC: Adult Sleep and Health Questionnaire: Adult Self-Report,
06 - Health Habits,Self reported sleep duration,selfrepsleepduration,ywe_slpdur,Sleep time from self-reported usual sleep time (Weekend),CCSHS,TREC:  lab visit,calculated,(ywe_slpdur = (yweslhr * 60) + yweslmn),TREC: Youth Sleep and Health Questionnaire: Youth Self-Report/TREC: Adult Sleep and Health Questionnaire: Adult Self-Report,
06 - Health Habits,Smoking status,smoking,ycursmk,Currently smoke regularly,CCSHS,TREC:  lab visit,Reported by child/Reported by parent or guardian,,TREC: Youth Sleep and Health Questionnaire: Youth Self-Report/TREC: Adult Sleep and Health Questionnaire: Adult Self-Report,
06 - Health Habits,Smoking status,smoking,yevrsmk,"Ever smoked cigarettes, cigars or pipe",CCSHS,TREC:  lab visit,Reported by child/Reported by parent or guardian,,TREC: Youth Sleep and Health Questionnaire: Youth Self-Report/TREC: Adult Sleep and Health Questionnaire: Adult Self-Report,
06 - Health Habits,Pack years,packyears,,,,,,,,
06 - Health Habits,Caffeine intake,caffeineintake,ydrkcaf,Caffeine beverages per day,CCSHS,TREC:  lab visit,Reported by child/Reported by parent or guardian,,TREC: Youth Sleep and Health Questionnaire: Youth Self-Report/TREC: Adult Sleep and Health Questionnaire: Adult Self-Report,
07 - Laboratory Data,Fasting glucose,fastingglucose,,,,,,,,
07 - Laboratory Data,Fasting insulin,fastinginsulin,,,,,,,,
07 - Laboratory Data,HDL cholesterol,hdlchol,,,,,,,,
07 - Laboratory Data,LDL cholesterol,ldlchol,,,,,,,,
07 - Laboratory Data,Total cholesterol,totalchol,,,,,,,,
07 - Laboratory Data,Triglycerides,triglyc,,,,,,,,
07 - Laboratory Data,Hemoglobin A1c,hba1c,,,,,,,,
07 - Laboratory Data,Creatinine,creatinine,,,,,,,,
07 - Laboratory Data,Creatinine clearance,creatinineclear,,,,,,,,
08A1 - Sleep Study Data - Acquisition - Sleep Study Type,Type I,type1sleepstudy,,,,,,,,
08A1 - Sleep Study Data - Acquisition - Sleep Study Type,Type II,type2sleepstudy,,,,,,,,
08A1 - Sleep Study Data - Acquisition - Sleep Study Type,Type III,type3sleepstudy,,,,,,,,
08A1 - Sleep Study Data - Acquisition - Sleep Study Type,Type IV,type4sleepstudy,,,,,,,,
08A2 - Sleep Study Data - Acquisition - Sleep Study Location,Laboratory,labsleepstudy,,,,,,,,
08A2 - Sleep Study Data - Acquisition - Sleep Study Location,Home,homesleepstudy,,,,,,,,
08B - Sleep Study Data - Time,Duration of sleep study,sleepstudyduration,,,,,,,,
08B - Sleep Study Data - Time,Sleep duration,sleepduration,mslp,Mean sleep time - all nights,CCSHS,TREC: Home Actigraphy,Measured,,"Actigraphy collection: MotionLogger Sleep Watch- 0 2.0x and MotionLogger Octagonal Basic (Ambulatory Monitoring, Inc.)/Actigraphy scoring:  Action-W (Ambulatory Monitoring, Inc.)",
08B - Sleep Study Data - Time,Sleep duration,sleepduration,mslpend,Mean sleep time - weekend nights,CCSHS,TREC: Home Actigraphy,Measured,,"Actigraphy collection: MotionLogger Sleep Watch- 0 2.0x and MotionLogger Octagonal Basic (Ambulatory Monitoring, Inc.)/Actigraphy scoring:  Action-W (Ambulatory Monitoring, Inc.)",
08B - Sleep Study Data - Time,Sleep duration,sleepduration,mslpwk,Mean sleep time - weekday nights,CCSHS,TREC: Home Actigraphy,Measured,,"Actigraphy collection: MotionLogger Sleep Watch- 0 2.0x and MotionLogger Octagonal Basic (Ambulatory Monitoring, Inc.)/Actigraphy scoring:  Action-W (Ambulatory Monitoring, Inc.)",
08B - Sleep Study Data - Time,Sleep duration,sleepduration,slpprdp,Total sleep time,CCSHS,TREC: In Lab PSG,Measured,,PSG Recording System:  Compumedics E series/ PSG Scoring Software:  Compumedics ProFusion PSG 2 Scoring Software,
08B - Sleep Study Data - Time,Sleep efficiency,sleepefficiency,mseff,Mean sleep efficiency - all nights,CCSHS,TREC: Home Actigraphy,Measured,,"Actigraphy collection: MotionLogger Sleep Watch- 0 2.0x and MotionLogger Octagonal Basic (Ambulatory Monitoring, Inc.)/Actigraphy scoring:  Action-W (Ambulatory Monitoring, Inc.)",
08B - Sleep Study Data - Time,Sleep efficiency,sleepefficiency,mseffend,Mean sleep efficiency - weekend nights,CCSHS,TREC: Home Actigraphy,Measured,,"Actigraphy collection: MotionLogger Sleep Watch- 0 2.0x and MotionLogger Octagonal Basic (Ambulatory Monitoring, Inc.)/Actigraphy scoring:  Action-W (Ambulatory Monitoring, Inc.)",
08B - Sleep Study Data - Time,Sleep efficiency,sleepefficiency,mseffwk,Mean sleep efficiency - weekday nights,CCSHS,TREC: Home Actigraphy,Measured,,"Actigraphy collection: MotionLogger Sleep Watch- 0 2.0x and MotionLogger Octagonal Basic (Ambulatory Monitoring, Inc.)/Actigraphy scoring:  Action-W (Ambulatory Monitoring, Inc.)",
08B - Sleep Study Data - Time,Sleep efficiency,sleepefficiency,slp_eff,Sleep efficiency,CCSHS,TREC: In Lab PSG,calculated,[100*(total sleep time) / (total time in bed)],PSG Recording System:  Compumedics E series/ PSG Scoring Software:  Compumedics ProFusion PSG 2 Scoring Software,
08B - Sleep Study Data - Time,Sleep fragmentation index,sleepfragmentindex,,,,,,,,
08B - Sleep Study Data - Time,Sleep maintenance efficiency,sleepmaintefficiency,,,,,,,,
08B - Sleep Study Data - Time,Sleep onset latency,sleeponsetlatency,,,,,,,,
08B - Sleep Study Data - Time,Time awake after sleep onset,timeawakeaftersleep,,,,,,,,
08B - Sleep Study Data - Time,Time in bed duration,timeinbedduration,,,,,,,,
08C1A - Sleep Study Data - Respiratory - Events - Apnea,Central sleep apnea events,csaevent,,,,,,,,
08C1A - Sleep Study Data - Respiratory - Events - Apnea,Central sleep apneas/hour,csaperhr,,,,,,,,
08C1A - Sleep Study Data - Respiratory - Events - Apnea,Average central sleep apnea length,avgcsalength,,,,,,,,
08C1A - Sleep Study Data - Respiratory - Events - Apnea,Obstructive sleep apnea events,osaevent,,,,,,,,
08C1A - Sleep Study Data - Respiratory - Events - Apnea,Obstructive sleeps apneas/hour,osaperhr,,,,,,,,
08C1A - Sleep Study Data - Respiratory - Events - Apnea,Average obstructive sleep apnea length,avgosalength,,,,,,,,
08C1B - Sleep Study Data - Respiratory - Events - Hypopnea,Hyopopnea events,hypopevent,,,,,,,,
08C1B - Sleep Study Data - Respiratory - Events - Hypopnea,Hyopopneas/hour,hypopperhr,,,,,,,,
08C1B - Sleep Study Data - Respiratory - Events - Hypopnea,Average hypopnea length,avghypolength,,,,,,,,
08C1C - Sleep Study Data - Respiratory - Events - Desaturation,Desaturation events,desatevent,,,,,,,,
08C2 - Sleep Study Data - Respiratory - Indices,Apnea hypopnea index,ahi,,,,,,,,
08C2 - Sleep Study Data - Respiratory - Indices,Apnea hypopnea index greater than or equal to 15,ahigteq15,,,,,,,,
08C2 - Sleep Study Data - Respiratory - Indices,Central apnea index greater than or equal to 5,caigteq5,,,,,,,,
08C2 - Sleep Study Data - Respiratory - Indices,Central apnea index: all desaturations,caiall,,,,,,,,
08C2 - Sleep Study Data - Respiratory - Indices,Central apnea index: 4% desaturation,cai4percent,,,,,,,,
08C2 - Sleep Study Data - Respiratory - Indices,Central apnea index: 4% desaturation or arousal,cai4percentarousal,,,,,,,,
08C2 - Sleep Study Data - Respiratory - Indices,Obstructive apnea hypopnea index: 3% desaturation,oahi3percent,oahi3,Obstructive Apnea-Hypopnea (3% desaturation) Index,CCSHS,TREC: In Lab PSG,calculated,,PSG Recording System:  Compumedics E series/ PSG Scoring Software:  Compumedics ProFusion PSG 2 Scoring Software,
08C2 - Sleep Study Data - Respiratory - Indices,Obstructive apnea hypopnea index: 4% desaturation,oahi4percent,,,,,,,,
08C2 - Sleep Study Data - Respiratory - Indices,Obstructive apnea index: all desaturations,oaiall,oai0p,Obstructive Apnea (all desaturation) Index ,CCSHS,TREC: In Lab PSG,calculated,[(Total number of obstructive apneas associated with all desaturations) / (hours of sleep)],PSG Recording System:  Compumedics E series/ PSG Scoring Software:  Compumedics ProFusion PSG 2 Scoring Software,
08C2 - Sleep Study Data - Respiratory - Indices,Obstructive apnea index: 4% desaturation,oai4percent,,,,,,,,
08C2 - Sleep Study Data - Respiratory - Indices,Obstructive apnea index: 4% desaturation or arousal,oai4percentarousal,,,,,,,,
08C2 - Sleep Study Data - Respiratory - Indices,Respiratory disturbance index: all desaturations,rdiall,,,,,,,,
08C2 - Sleep Study Data - Respiratory - Indices,Respiratory disturbance index: all desaturations or arousal,rdiallarousal,,,,,,,,
08C2 - Sleep Study Data - Respiratory - Indices,Respiratory disturbance index: 2% desaturation,rdi2percent,,,,,,,,
08C2 - Sleep Study Data - Respiratory - Indices,Respiratory disturbance index: 2% desaturation or arousal,rdi2percentarousal,,,,,,,,
08C2 - Sleep Study Data - Respiratory - Indices,Respiratory disturbance index: 3% desaturation,rdi3percent,rdi3p,Overall Respiratory Disturbance (3% desaturation) Index,CCSHS,TREC: In Lab PSG,calculated,,PSG Recording System:  Compumedics E series/ PSG Scoring Software:  Compumedics ProFusion PSG 2 Scoring Software,
08C2 - Sleep Study Data - Respiratory - Indices,Respiratory disturbance index: 3% desaturation or arousal,rdi3percentarousal,,,,,,,,
08C2 - Sleep Study Data - Respiratory - Indices,Respiratory disturbance index: 4% desaturation,rdi4percent,,,,,,,,
08C2 - Sleep Study Data - Respiratory - Indices,Respiratory disturbance index: 4% desaturation or arousal,rdi4percentarousal,,,,,,,,
08C2 - Sleep Study Data - Respiratory - Indices,Respiratory disturbance index: 5% desaturation,rdi5percent,,,,,,,,
08C2 - Sleep Study Data - Respiratory - Indices,Respiratory disturbance index: 5% desaturation or arousal,rdi5percentarousal,,,,,,,,
08C2 - Sleep Study Data - Respiratory - Indices,Respiratory disturbance index: supine: all desaturations,rdisupall,,,,,,,,
08C2 - Sleep Study Data - Respiratory - Indices,Respiratory disturbance index: supine: 2% desaturation,rdisup2percent,,,,,,,,
08C2 - Sleep Study Data - Respiratory - Indices,Respiratory disturbance index: supine: 3% desaturation,rdisup3percent,,,,,,,,
08C2 - Sleep Study Data - Respiratory - Indices,Respiratory disturbance index: supine: 4% desaturation,rdisup4percent,,,,,,,,
08C2 - Sleep Study Data - Respiratory - Indices,Respiratory disturbance index: supine: 5% desaturation,rdisup5percent,,,,,,,,
08C2 - Sleep Study Data - Respiratory - Indices,Respiratory disturbance index: non-supine: all desaturations,rdinonsupall,,,,,,,,
08C2 - Sleep Study Data - Respiratory - Indices,Respiratory disturbance index: non-supine: 2% desaturation,rdinonsup2percent,,,,,,,,
08C2 - Sleep Study Data - Respiratory - Indices,Respiratory disturbance index: non-supine: 3% desaturation,rdinonsup3percent,,,,,,,,
08C2 - Sleep Study Data - Respiratory - Indices,Respiratory disturbance index: non-supine: 4% desaturation,rdinonsup4percent,,,,,,,,
08C2 - Sleep Study Data - Respiratory - Indices,Respiratory disturbance index: non-supine: 5% desaturation,rdinonsup5percent,,,,,,,,
08C2 - Sleep Study Data - Respiratory - Indices,Respiratory disturbance index: REM: all desaturations,rdiremall,,,,,,,,
08C2 - Sleep Study Data - Respiratory - Indices,Respiratory disturbance index: REM:: 2% desaturation,rdirem2percent,,,,,,,,
08C2 - Sleep Study Data - Respiratory - Indices,Respiratory disturbance index: REM:: 3% desaturation,rdirem3percent,,,,,,,,
08C2 - Sleep Study Data - Respiratory - Indices,Respiratory disturbance index: REM:: 4% desaturation,rdirem4percent,,,,,,,,
08C2 - Sleep Study Data - Respiratory - Indices,Respiratory disturbance index: REM:: 5% desaturation,rdirem5percent,,,,,,,,
08C2 - Sleep Study Data - Respiratory - Indices,Respiratory disturbance index: NREM: all desaturations,rdinremall,,,,,,,,
08C2 - Sleep Study Data - Respiratory - Indices,Respiratory disturbance index: NREM:: 2% desaturation,rdinrem2percent,,,,,,,,
08C2 - Sleep Study Data - Respiratory - Indices,Respiratory disturbance index: NREM:: 3% desaturation,rdinrem3percent,,,,,,,,
08C2 - Sleep Study Data - Respiratory - Indices,Respiratory disturbance index: NREM:: 4% desaturation,rdinrem4percent,,,,,,,,
08C2 - Sleep Study Data - Respiratory - Indices,Respiratory disturbance index: NREM:: 5% desaturation,rdinrem5percent,,,,,,,,
08C3 - Sleep Study Data - Respiratory  - Breathing ,Cheyne Stoke breathing,cheynestokebreath,,,,,,,,
08C3 - Sleep Study Data - Respiratory  - Breathing ,Periodic breathing,periodicbreath,,,,,,,,
08D - Sleep Study Data - Stages,NREM sleep time,nremsleep,,,,,,,,
08D - Sleep Study Data - Stages,REM sleep time,remsleep,timerem,Time in REM sleep,CCSHS,TREC: In Lab PSG,Measured,,PSG Recording System:  Compumedics E series/ PSG Scoring Software:  Compumedics ProFusion PSG 2 Scoring Software,
08D - Sleep Study Data - Stages,REM sleep time,remsleep,timeremp,Percent of sleep time in REM,CCSHS,TREC: In Lab PSG,calculated,,PSG Recording System:  Compumedics E series/ PSG Scoring Software:  Compumedics ProFusion PSG 2 Scoring Software,
08D - Sleep Study Data - Stages,Stage N1 sleep time,stagen1sleep,,,,,,,,
08D - Sleep Study Data - Stages,Stage N2 sleep time,stagen2sleep,,,,,,,,
08D - Sleep Study Data - Stages,Stage N3 sleep time,stagen3sleep,,,,,,,,
08D - Sleep Study Data - Stages,Stage 1 sleep time,stage1sleep,timest1,Time in Stage 1 sleep,CCSHS,TREC: In Lab PSG,Measured,,PSG Recording System:  Compumedics E series/ PSG Scoring Software:  Compumedics ProFusion PSG 2 Scoring Software,
08D - Sleep Study Data - Stages,Stage 1 sleep time,stage1sleep,timest1p,Percent of sleep time in Stage 1,CCSHS,TREC: In Lab PSG,calculated,,PSG Recording System:  Compumedics E series/ PSG Scoring Software:  Compumedics ProFusion PSG 2 Scoring Software,
08D - Sleep Study Data - Stages,Stage 2 sleep time,stage2sleep,timest2,Time in Stage 2 sleep,CCSHS,TREC: In Lab PSG,Measured,,PSG Recording System:  Compumedics E series/ PSG Scoring Software:  Compumedics ProFusion PSG 2 Scoring Software,
08D - Sleep Study Data - Stages,Stage 2 sleep time,stage2sleep,timest2p,Percent of sleep time in Stage 2,CCSHS,TREC: In Lab PSG,calculated,,PSG Recording System:  Compumedics E series/ PSG Scoring Software:  Compumedics ProFusion PSG 2 Scoring Software,
08D - Sleep Study Data - Stages,Stage 3 sleep time,stage3sleep,timest34,Time in Stage 3-4 sleep,CCSHS,TREC: In Lab PSG,Measured,,PSG Recording System:  Compumedics E series/ PSG Scoring Software:  Compumedics ProFusion PSG 2 Scoring Software,
08D - Sleep Study Data - Stages,Stage 3 sleep time,stage3sleep,times34p,Percent of sleep time in Stage 3-4,CCSHS,TREC: In Lab PSG,calculated,,PSG Recording System:  Compumedics E series/ PSG Scoring Software:  Compumedics ProFusion PSG 2 Scoring Software,
08E1 - Sleep Study Data - Arousals -Events,Arousal events,arousevents,,,,,,,,
08E2 - Sleep Study Data - Arousals - Indices,Arousal index,arousindex,ai_all,Overall arousal index,CCSHS,TREC: In Lab PSG,calculated,[(Total number of arousals) / (hours of sleep)],PSG Recording System:  Compumedics E series/ PSG Scoring Software:  Compumedics ProFusion PSG 2 Scoring Software,
08F1 - Sleep Study Data - Limb Movement - Events,Periodic limb movement events,plmevents,,,,,,,,
08F1 - Sleep Study Data - Limb Movement - Events,Periodic limb movement events with arousal,plmeventsarous,,,,,,,,
08F2 - Sleep Study Data - Limb Movement - Indices,Periodic limb movement events with arousal index,plmeventsarousindex,,,,,,,,
08F2 - Sleep Study Data - Limb Movement - Indices,Periodic limb movement index,plmindex,,,,,,,,
08G1 - Sleep Study Data - Oxygen Saturation - Percent Time,Percent sleep time oxygen saturation < 70%,sleepo2lt70,pctlt70,Percent of sleep time <70% oxygen saturation,CCSHS,TREC: In Lab PSG,calculated,,PSG Recording System:  Compumedics E series/ PSG Scoring Software:  Compumedics ProFusion PSG 2 Scoring Software,
08G1 - Sleep Study Data - Oxygen Saturation - Percent Time,Percent sleep time oxygen saturation < 75%,sleepo2lt75,pctlt75,Percent of sleep time <75% oxygen saturation,CCSHS,TREC: In Lab PSG,calculated,,PSG Recording System:  Compumedics E series/ PSG Scoring Software:  Compumedics ProFusion PSG 2 Scoring Software,
08G1 - Sleep Study Data - Oxygen Saturation - Percent Time,Percent sleep time oxygen saturation < 80%,sleepo2lt80,pctlt80,Percent of sleep time <80% oxygen saturation,CCSHS,TREC: In Lab PSG,calculated,,PSG Recording System:  Compumedics E series/ PSG Scoring Software:  Compumedics ProFusion PSG 2 Scoring Software,
08G1 - Sleep Study Data - Oxygen Saturation - Percent Time,Percent sleep time oxygen saturation < 85%,sleepo2lt85,pctlt85,Percent of sleep time <85% oxygen saturation,CCSHS,TREC: In Lab PSG,calculated,,PSG Recording System:  Compumedics E series/ PSG Scoring Software:  Compumedics ProFusion PSG 2 Scoring Software,
08G1 - Sleep Study Data - Oxygen Saturation - Percent Time,Percent sleep time oxygen saturation < 88%,sleepo2lt88,,,,,,,,
08G1 - Sleep Study Data - Oxygen Saturation - Percent Time,Percent sleep time oxygen saturation < 90%,sleepo2lt90,pctlt90,Percent of sleep time <90% oxygen saturation,CCSHS,TREC: In Lab PSG,calculated,,PSG Recording System:  Compumedics E series/ PSG Scoring Software:  Compumedics ProFusion PSG 2 Scoring Software,
08G1 - Sleep Study Data - Oxygen Saturation - Percent Time,Percent sleep time oxygen saturation < 92%,sleepo2lt92,,,,,,,,
08G1 - Sleep Study Data - Oxygen Saturation - Percent Time,Percent sleep time oxygen saturation < 95%,sleepo2lt95,pctlt95,Percent of sleep time <95% oxygen saturation,CCSHS,TREC: In Lab PSG,calculated,,PSG Recording System:  Compumedics E series/ PSG Scoring Software:  Compumedics ProFusion PSG 2 Scoring Software,
08G2 - Sleep Study Data - Oxygen Saturation - Average,Average oxygen saturation during sleep,avgo2duringsleep,avgsat,Average oxygen saturation in sleep time,CCSHS,TREC: In Lab PSG,calculated,,PSG Recording System:  Compumedics E series/ PSG Scoring Software:  Compumedics ProFusion PSG 2 Scoring Software,
08G2 - Sleep Study Data - Oxygen Saturation - Average,Average oxygen saturation with respiratory events,avgo2respevents,minsat,Minimum oxygen saturation in sleep time,CCSHS,TREC: In Lab PSG,measured,,PSG Recording System:  Compumedics E series/ PSG Scoring Software:  Compumedics ProFusion PSG 2 Scoring Software,
08G3 - Sleep Study Data - Oxygen Saturation - Nadir,Nadir oxygen saturation during sleep,nadiro2duringsleep,,,,,,,,
08G3 - Sleep Study Data - Oxygen Saturation - Nadir,Nadir oxygen saturation with respiratory events,nadiro2respevents,,,,,,,,
08G4 - Sleep Study Data - Oxygen Saturation -  Indices,Oxygen desaturation index,o2desatindex,,,,,,,,
08H - Sleep Study Data - Heart Rate,Average heart rate,avgheartrate,,,,,,,,
08I - Sleep Study Data - Electrocardiogram - Arrhythmia,Atrial fibrillation - polysomonogram - paroxysmal,afibpsgparox,,,,,,,,
08I - Sleep Study Data - Electrocardiogram - Arrhythmia,Atrial fibrillation - polysomonogram - persistent,afibpsgpersist,,,,,,,,
08J - Sleep Study Data - Quality,Quality of sleep study,sleepstudyquality,,,,,,,,
08J - Sleep Study Data - Quality,Signal quality code,signalqualitycode,,,,,,,,
08K - Sleep Study Data - End-Tidal CO2,Capnograph type,capnotype,,,,,,,,
08K - Sleep Study Data - End-Tidal CO2,Hours of usable CO2,hoursco2,,,,,,,,
08K - Sleep Study Data - End-Tidal CO2,Average end-tidal CO2 - NREM,avgco2nrem,,,,,,,,
08K - Sleep Study Data - End-Tidal CO2,Average end-tidal CO2 - NREM - normalized for capnograph type,avgco2nremnorm,,,,,,,,
08K - Sleep Study Data - End-Tidal CO2,Average end-tidal CO2 - REM,avgco2rem,,,,,,,,
08K - Sleep Study Data - End-Tidal CO2,Average end-tidal CO2 - REM - normalized for capnograph type,avgco2remnorm,,,,,,,,
08K - Sleep Study Data - End-Tidal CO2,Baseline end-tidal CO2 - asleep,baseco2asleep,,,,,,,,
08K - Sleep Study Data - End-Tidal CO2,Baseline end-tidal CO2 - asleep - normalized for capnograph type,baseco2asleepnorm,,,,,,,,
08K - Sleep Study Data - End-Tidal CO2,Baseline end-tidal CO2 - awake,baseco2awake,,,,,,,,
08K - Sleep Study Data - End-Tidal CO2,Baseline end-tidal CO2 - awake - normalized for capnograph type,baseco2awakenorm,,,,,,,,
08K - Sleep Study Data - End-Tidal CO2,Peak end-tidal CO2 - asleep,peakco2asleep,,,,,,,,
08K - Sleep Study Data - End-Tidal CO2,Peak end-tidal CO2 - asleep - normalized for capnograph type,peakco2asleepnorm,,,,,,,,
08K - Sleep Study Data - End-Tidal CO2,Percentage of total sleep time where end-tidal CO2 > 45 mmHg,percentco2gt45,,,,,,,,
08K - Sleep Study Data - End-Tidal CO2,Percentage of total sleep time where end-tidal CO2 > 45 mmHg - normalized for capnograph type,percentco2gt45norm,,,,,,,,
08K - Sleep Study Data - End-Tidal CO2,Percentage of total sleep time where end-tidal CO2 > 50 mmHg,percentco2gt50,,,,,,,,
08K - Sleep Study Data - End-Tidal CO2,Percentage of total sleep time where end-tidal CO2 > 50 mmHg - normalized for capnograph type,percentco2gt50norm,,,,,,,,
10 - Sleep Symptoms,Early morning awakening,earlyawakening,,,,,,,,
10 - Sleep Symptoms,Epworth Sleepiness Scale score,epworthscore,essscore_adult,Total score for adult ESS,CCSHS,TREC:  lab visit,calculated,,Epworth Sleepiness Scale,
10 - Sleep Symptoms,Epworth Sleepiness Scale score,epworthscore,sleepy_adult,Adult ESS Score >= 11,CCSHS,TREC:  lab visit,calculated,,Epworth Sleepiness Scale,
10 - Sleep Symptoms,Modified Epworth Sleepiness Scale score,modepworthscore,essscore,Total score for modified ESS,CCSHS,TREC:  lab visit,calculated,,Epworth Sleepiness Scale,
10 - Sleep Symptoms,Modified Epworth Sleepiness Scale score,modepworthscore,sleepy,Modified ESS Score >= 11,CCSHS,TREC:  lab visit,calculated,,Epworth Sleepiness Scale,
10 - Sleep Symptoms,Pediatric Sleep Questionnaire Sleep-Related Breathing Disorder (PSQ-SRBD) score, psqsrbdscore,,,,,,,,
10 - Sleep Symptoms,Obstructive Sleep Apnea-18 Assessment Tool score,osa18assessscore,,,,,,,,
10 - Sleep Symptoms,Women's Health Initiative Insomnia Rating Scale,whiinitinsomratescale,,,,,,,,
10 - Sleep Symptoms,Pittsburgh Insomnia Rating Scale,pittinsomratescale,,,,,,,,
10 - Sleep Symptoms,Pittsburgh Sleep Quality Index,pittsleepqualindex,,,,,,,,
10 - Sleep Symptoms,Insomnia Severity Index,insomseverindex,,,,,,,,
10 - Sleep Symptoms,Excessive daytime sleepiness,excessdaysleepiness,,,,,,,,
10 - Sleep Symptoms,Problems falling asleep,probfallasleep,,,,,,,,
10 - Sleep Symptoms,Problems staying asleep,probstayasleep,,,,,,,,
10 - Sleep Symptoms,Unrefreshed sleep,unrefreshsleep,,,,,,,,
10A - Sleep Symptoms - Snoring,Habitual snoring,habitsnoring,,,,,,,,
10A - Sleep Symptoms - Snoring,Habitual snoring - frequency,habitsnoringfreq,,,,,,,,
10A - Sleep Symptoms - Gasping,Snoring/gasping/stopping breathing,snoringgasping,,,,,,,,
10A - Sleep Symptoms - Gasping,Snoring/gasping/stopping breathing - frequency,snoringgaspingfreq,,,,,,,,
11 - Other Symptoms,Chronic cough,chroniccough,,,,,,,,
11 - Other Symptoms,Nocturnal wheezing,noctwheez,,,,,,,,
11 - Other Symptoms,Persistent wheezing,persistwheez,,,,,,,,
12 - Adjudicated Events,Atrial fibrillation - adjudicated event,afibadjud,,,,,,,,
12 - Adjudicated Events,Congestive heart failure - adjudicated event,chfadjud,,,,,,,,
12 - Adjudicated Events,Myocardial infarction - adjudicated event,miadjud,,,,,,,,
12 - Adjudicated Events,Stroke - adjudicated event,strokeadju,,,,,,,,
12 - Adjudicated Events,All cause hospitalization - adjudicated event,hospadju,,,,,,,,
12 - Adjudicated Events,Cardiovascular disease hospitalization - adjudicated event,cvhospadju,,,,,,,,
12 - Adjudicated Events,"Revascularization (PTCA, CABG) - adjudicated event",revascadju,,,,,,,,
12 - Adjudicated Events,Cardiac arrest - adjudicated event,cardarrestadju,,,,,,,,
13 - Spirometry,FEV1,fev1,,,,,,,,
13 - Spirometry,FEV1/FVC,fev1fvcratio,,,,,,,,
13 - Spirometry,FVC,fvc,,,,,,,,
13 - Spirometry,Percent predicted FEV1,percentpredfev1,,,,,,,,
13 - Spirometry,Percent predicted FVC,percentpredfvc,,,,,,,,
14 - Neurocognitive Testing/NEPSY,Developmental Neuropsychological Assessment (NEPSY) - General Conceptual Ability Score,nepsygcas,,,,,,,,
14 - Neurocognitive Testing/NEPSY,Developmental Neuropsychological Assessment (NEPSY) - Phonological Processing,nepsypp,,,,,,,,
14 - Neurocognitive Testing/NEPSY,Developmental Neuropsychological Assessment (NEPSY) - Tower,nepsyt,,,,,,,,
14 - Neurocognitive Testing/NEPSY,Developmental Neuropsychological Assessment (NEPSY) - Auditory Attention and Response Set,nepsyaars,,,,,,,,
14 - Neurocognitive Testing/NEPSY,Developmental Neuropsychological Assessment (NEPSY) - Speeded Naming,nepsysn,,,,,,,,
14 - Neurocognitive Testing/NEPSY,Developmental Neuropsychological Assessment (NEPSY) - Visual Attention,nepsyva,,,,,,,,
14 - Neurocognitive Testing/NEPSY,Developmental Neuropsychological Assessment (NEPSY) - Comprehension of Instructions,nepsycoi,,,,,,,,
14 - Neurocognitive Testing/NEPSY,Developmental Neuropsychological Assessment (NEPSY) - Attention/Executive Function Domain Score,nepsyaefds,,,,,,,,
14 - Neurocognitive Testing/NEPSY,Developmental Neuropsychological Assessment (NEPSY) - Language Domain Score,nepsylds,,,,,,,,
14 - Neurocognitive Testing/NEPSY,Developmental Neuropsychological Assessment (NEPSY) - Arrows,nepsya,,,,,,,,
14 - Neurocognitive Testing/NEPSY-II,Developmental Neuropsychological Assessment-II (NEPSY-II) - Inhibition Naming,nepsy2in,,,,,,,,
14 - Neurocognitive Testing/NEPSY-II,Developmental Neuropsychological Assessment-II (NEPSY-II) - Inhibition-Inhibition,nepsy2ii,,,,,,,,
14 - Neurocognitive Testing/NEPSY-II,Developmental Neuropsychological Assessment-II (NEPSY-II) - Inhibition-Switching,nepsy2is,,,,,,,,
14 - Neurocognitive Testing/NEPSY-II,Developmental Neuropsychological Assessment-II (NEPSY-II) - Contrast between Inhibition Naming vs. Inhibition-Inhibition,nepsy2continvsii,,,,,,,,
14 - Neurocognitive Testing/NEPSY-II,Developmental Neuropsychological Assessment-II (NEPSY-II) - Contrast between Inhibition-Inhibition vs. Inhibition-Switching,nepsy2contiivsis,,,,,,,,
14 - Neurocognitive Testing/NEPSY-II,Developmental Neuropsychological Assessment-II (NEPSY-II) - Inhibition Total Errors,nepsy2ite,,,,,,,,
14 - Neurocognitive Testing/NEPSY-II,Developmental Neuropsychological Assessment-II (NEPSY-II) - Semantic Condition,nepsy2sc,,,,,,,,
14 - Neurocognitive Testing/NEPSY-II,Developmental Neuropsychological Assessment-II (NEPSY-II) - Initial Letter Condition,nepsy2ilc,,,,,,,,
14 - Neurocognitive Testing/NEPSY-II,Developmental Neuropsychological Assessment-II (NEPSY-II) - Contrast between Semantic Condition vs. Initial Letter Condition,nepsy2contscvsilc,,,,,,,,
14 - Neurocognitive Testing/Purdue Pegboard,Purdue Pegboard - Dominant Hand,purduepegdh,,,,,,,,
14 - Neurocognitive Testing/Purdue Pegboard,Purdue Pegboard - Nondominant Hand,purduepegnh,,,,,,,,
14 - Neurocognitive Testing/Purdue Pegboard,Purdue Pegboard - Both Hands,purduepegbh,,,,,,,,
14 - Neurocognitive Testing/VMI,Developmental Test of Visual-Motor Integration (VMI),vmi,,,,,,,,
14 - Neurocognitive Testing/Conner's Rating Scale,Conners' Rating Scale - Caregiver - Long Version Global Index T Score,connerscarelvgitscore,,,,,,,,
14 - Neurocognitive Testing/Conner's Rating Scale,Conners' Rating Scale - Teacher - Long Version Global Index T Score,connersteachlvgitscore,,,,,,,,
14 - Neurocognitive Testing/BRIEF,Behavior Rating of Executive Function (BRIEF) - Caregiver - Global Excecutive Composite T Score,briefcaregectscore,,,,,,,,
14 - Neurocognitive Testing/BRIEF,Behavior Rating of Executive Function (BRIEF) - Teacher - Global Excecutive Composite T Score,briefteachgectscore,,,,,,,,
14 - Neurocognitive Testing/PedsQL,Pediatric Quality of Life Inventory (PedsQL) Score,pedsql,,,,,,,,
14 - Neurocognitive Testing/DAS-II,Differential Ability Scales-II (DAS-II) - Recall of Designs,das2rod,,,,,,,,
14 - Neurocognitive Testing/DAS-II,Differential Ability Scales-II (DAS-II) - Word Definitions,das2wd,,,,,,,,
14 - Neurocognitive Testing/DAS-II,Differential Ability Scales-II (DAS-II) - Pattern Construction,das2pc,,,,,,,,
14 - Neurocognitive Testing/DAS-II,Differential Ability Scales-II (DAS-II) - Matrices,das2m,,,,,,,,
14 - Neurocognitive Testing/DAS-II,Differential Ability Scales-II (DAS-II) - Verbal Similarities,das2vs,,,,,,,,
14 - Neurocognitive Testing/DAS-II,Differential Ability Scales-II (DAS-II) - Sequential and Quantitative Reasoning,das2saqr,,,,,,,,
14 - Neurocognitive Testing/DAS-II,Differential Ability Scales-II (DAS-II) - Verbal Composite,das2vc,,,,,,,,
14 - Neurocognitive Testing/DAS-II,Differential Ability Scales-II (DAS-II) - Nonverbal Reasoning Composite,das2nrc,,,,,,,,
14 - Neurocognitive Testing/DAS-II,Differential Ability Scales-II (DAS-II) - Spatial Composite,das2sc,,,,,,,,
14 - Neurocognitive Testing/DAS-II,Differential Ability Scales-II (DAS-II) - General Cognitive Ability ,das2gca,,,,,,,,
14 - Neurocognitive Testing/DAS-II,Differential Ability Scales-II (DAS-II) - Special Nonverbal Composite ,das2snc,,,,,,,,
14 - Neurocognitive Testing/WRAML2,"Wide Range Assessment of Memory and Learning, Second Edition (WRAML2) - Verbal Learning",wraml2vl,,,,,,,,
14 - Neurocognitive Testing/WRAML2,"Wide Range Assessment of Memory and Learning, Second Edition (WRAML2) - Verbal Learning Recall",wraml2vlrecall,,,,,,,,
14 - Neurocognitive Testing/WRAML2,"Wide Range Assessment of Memory and Learning, Second Edition (WRAML2) - Verbal Learning Recognition",wraml2vlrecog,,,,,,,,
15 - Imaging,Echocardiogram,ech,,,,,,,,
15 - Imaging,Cardiac MRI,cardmri,,,,,,,,
15 - Imaging,Coronary calcium scan,coroncalcscan,,,,,,,,
15 - Imaging,Carotid ultrasound - plaque,carotidusplaque,,,,,,,,
15 - Imaging,Carotid ultrasound - intima media thickness,carotidusimt,,,,,,,,
15 - Imaging,Lung volume assessment,lungvolassess,,,,,,,,
16 - Signal Processing/EEG/Spectral Analysis,Alpha band end,spectalphabandend,alpha_bandend,Alpha band end,CCSHS,TREC: In Lab PSG,calculated,,SpectralTrainFig & BlockEdfSummarizeFig,
16 - Signal Processing/EEG/Spectral Analysis,Alpha band start,spectalphabandstart,alpha_bandstart,Alpha band start,CCSHS,TREC: In Lab PSG,calculated,,SpectralTrainFig & BlockEdfSummarizeFig,
16 - Signal Processing/EEG/Spectral Analysis,Log transformed alpha power density in NREM sleep,spectalphalognrem,alpha_lognrem,Log transformed alpha power density in NREM sleep,CCSHS,TREC: In Lab PSG,calculated,,SpectralTrainFig & BlockEdfSummarizeFig,
16 - Signal Processing/EEG/Spectral Analysis,Log transformed alpha power density in REM sleep,spectalphalogrem,alpha_logrem,Log transformed alpha power density in REM sleep,CCSHS,TREC: In Lab PSG,calculated,,SpectralTrainFig & BlockEdfSummarizeFig,
16 - Signal Processing/EEG/Spectral Analysis,Log transformed alpha power density in sleep,spectalphalogsleep,alpha_logsleep,Log transformed alpha power density in sleep,CCSHS,TREC: In Lab PSG,calculated,,SpectralTrainFig & BlockEdfSummarizeFig,
16 - Signal Processing/EEG/Spectral Analysis,Alpha power density in NREM sleep,spectalphanrem,alpha_nrem,Alpha power density in NREM sleep,CCSHS,TREC: In Lab PSG,calculated,,SpectralTrainFig & BlockEdfSummarizeFig,
16 - Signal Processing/EEG/Spectral Analysis,Alpha power density in REM sleep,spectalpharem,alpha_rem,Alpha power density in REM sleep,CCSHS,TREC: In Lab PSG,calculated,,SpectralTrainFig & BlockEdfSummarizeFig,
16 - Signal Processing/EEG/Spectral Analysis,Alpha power density in sleep,spectalphasleep,alpha_sleep,Alpha power density in sleep,CCSHS,TREC: In Lab PSG,calculated,,SpectralTrainFig & BlockEdfSummarizeFig,
16 - Signal Processing/EEG/Spectral Analysis,Beta band end,spectbetabandend,beta_bandend,Beta band end,CCSHS,TREC: In Lab PSG,calculated,,SpectralTrainFig & BlockEdfSummarizeFig,
16 - Signal Processing/EEG/Spectral Analysis,Beta band start,spectbetabandstart,beta_bandstart,Beta band start,CCSHS,TREC: In Lab PSG,calculated,,SpectralTrainFig & BlockEdfSummarizeFig,
16 - Signal Processing/EEG/Spectral Analysis,Log transformed beta power density in NREM sleep,spectbetalognrem,beta_lognrem,Log transformed beta power density in NREM sleep,CCSHS,TREC: In Lab PSG,calculated,,SpectralTrainFig & BlockEdfSummarizeFig,
16 - Signal Processing/EEG/Spectral Analysis,Log transformed beta power density in REM sleep,spectbetalogrem,beta_logrem,Log transformed beta power density in REM sleep,CCSHS,TREC: In Lab PSG,calculated,,SpectralTrainFig & BlockEdfSummarizeFig,
16 - Signal Processing/EEG/Spectral Analysis,Log transformed beta power density in sleep,spectbetalogsleep,beta_logsleep,Log transformed beta power density in sleep,CCSHS,TREC: In Lab PSG,calculated,,SpectralTrainFig & BlockEdfSummarizeFig,
16 - Signal Processing/EEG/Spectral Analysis,Beta power density in NREM sleep,spectbetanrem,beta_nrem,Beta power density in NREM sleep,CCSHS,TREC: In Lab PSG,calculated,,SpectralTrainFig & BlockEdfSummarizeFig,
16 - Signal Processing/EEG/Spectral Analysis,Beta power density in REM sleep,spectbetarem,beta_rem,Beta power density in REM sleep,CCSHS,TREC: In Lab PSG,calculated,,SpectralTrainFig & BlockEdfSummarizeFig,
16 - Signal Processing/EEG/Spectral Analysis,Beta power density in sleep,spectbetasleep,beta_sleep,Beta power density in sleep,CCSHS,TREC: In Lab PSG,calculated,,SpectralTrainFig & BlockEdfSummarizeFig,
16 - Signal Processing/EEG/Spectral Analysis,Delta band end,spectdeltabandend,delta_bandend,Delta band end,CCSHS,TREC: In Lab PSG,calculated,,SpectralTrainFig & BlockEdfSummarizeFig,
16 - Signal Processing/EEG/Spectral Analysis,Delta band start,spectdeltabandstart,delta_bandstart,Delta band start,CCSHS,TREC: In Lab PSG,calculated,,SpectralTrainFig & BlockEdfSummarizeFig,
16 - Signal Processing/EEG/Spectral Analysis,Log transformed delta power density in NREM sleep,spectdeltalognrem,delta_lognrem,Log transformed delta power density in NREM sleep,CCSHS,TREC: In Lab PSG,calculated,,SpectralTrainFig & BlockEdfSummarizeFig,
16 - Signal Processing/EEG/Spectral Analysis,Log transformed delta power density in REM sleep,spectdeltalogrem,delta_logrem,Log transformed delta power density in REM sleep,CCSHS,TREC: In Lab PSG,calculated,,SpectralTrainFig & BlockEdfSummarizeFig,
16 - Signal Processing/EEG/Spectral Analysis,Log transformed delta power density in sleep,spectdeltalogsleep,delta_logsleep,Log transformed delta power density in sleep,CCSHS,TREC: In Lab PSG,calculated,,SpectralTrainFig & BlockEdfSummarizeFig,
16 - Signal Processing/EEG/Spectral Analysis,Delta power density in NREM sleep,spectdeltanrem,delta_nrem,Delta power density in NREM sleep,CCSHS,TREC: In Lab PSG,calculated,,SpectralTrainFig & BlockEdfSummarizeFig,
16 - Signal Processing/EEG/Spectral Analysis,Delta power density in REM sleep,spectdeltarem,delta_rem,Delta power density in REM sleep,CCSHS,TREC: In Lab PSG,calculated,,SpectralTrainFig & BlockEdfSummarizeFig,
16 - Signal Processing/EEG/Spectral Analysis,Delta power density in sleep,spectdeltasleep,delta_sleep,Delta power density in sleep,CCSHS,TREC: In Lab PSG,calculated,,SpectralTrainFig & BlockEdfSummarizeFig,
16 - Signal Processing/EEG/Spectral Analysis,Fast sigma band end,spectfastsigmabandend,fastsigma_bandend,Fast sigma band end,CCSHS,TREC: In Lab PSG,calculated,,SpectralTrainFig & BlockEdfSummarizeFig,
16 - Signal Processing/EEG/Spectral Analysis,Fast sigma band start,spectfastsigmabandstart,fastsigma_bandstart,Fast sigma band start,CCSHS,TREC: In Lab PSG,calculated,,SpectralTrainFig & BlockEdfSummarizeFig,
16 - Signal Processing/EEG/Spectral Analysis,Log transformed fast sigma power density in NREM sleep,spectfastsigmalognrem,fastsigma_lognrem,Log transformed fast sigma power density in NREM sleep,CCSHS,TREC: In Lab PSG,calculated,,SpectralTrainFig & BlockEdfSummarizeFig,
16 - Signal Processing/EEG/Spectral Analysis,Log transformed fast sigma power density in REM sleep,spectfastsigmalogrem,fastsigma_logrem,Log transformed fast sigma power density in REM sleep,CCSHS,TREC: In Lab PSG,calculated,,SpectralTrainFig & BlockEdfSummarizeFig,
16 - Signal Processing/EEG/Spectral Analysis,Log transformed fast sigma power density in sleep,spectfastsigmalogsleep,fastsigma_logsleep,Log transformed fast sigma power density in sleep,CCSHS,TREC: In Lab PSG,calculated,,SpectralTrainFig & BlockEdfSummarizeFig,
16 - Signal Processing/EEG/Spectral Analysis,Fast sigma power density in NREM sleep,spectfastsigmanrem,fastsigma_nrem,Fast sigma power density in NREM sleep,CCSHS,TREC: In Lab PSG,calculated,,SpectralTrainFig & BlockEdfSummarizeFig,
16 - Signal Processing/EEG/Spectral Analysis,Fast sigma power density in REM sleep,spectfastsigmarem,fastsigma_rem,Fast sigma power density in REM sleep,CCSHS,TREC: In Lab PSG,calculated,,SpectralTrainFig & BlockEdfSummarizeFig,
16 - Signal Processing/EEG/Spectral Analysis,Fast sigma power density in sleep,spectfastsigmasleep,fastsigma_sleep,Fast sigma power density in sleep,CCSHS,TREC: In Lab PSG,calculated,,SpectralTrainFig & BlockEdfSummarizeFig,
16 - Signal Processing/EEG/Spectral Analysis,NREM power density at 0.5 Hertz,spectnrem0point5hz,nrem_0_5_hz,NREM power density at 0.5 Hertz,CCSHS,TREC: In Lab PSG,calculated,,SpectralTrainFig & BlockEdfSummarizeFig,
16 - Signal Processing/EEG/Spectral Analysis,NREM power density at 0 Hertz,spectnrem0hz,nrem_0_hz,NREM power density at 0 Hertz,CCSHS,TREC: In Lab PSG,calculated,,SpectralTrainFig & BlockEdfSummarizeFig,
16 - Signal Processing/EEG/Spectral Analysis,NREM power density at 10.5 Hertz,spectnrem10point5hz,nrem_10_5_hz,NREM power density at 10.5 Hertz,CCSHS,TREC: In Lab PSG,calculated,,SpectralTrainFig & BlockEdfSummarizeFig,
16 - Signal Processing/EEG/Spectral Analysis,NREM power density at 10.0 Hertz,spectnrem10hz,nrem_10_hz,NREM power density at 10.0 Hertz,CCSHS,TREC: In Lab PSG,calculated,,SpectralTrainFig & BlockEdfSummarizeFig,
16 - Signal Processing/EEG/Spectral Analysis,NREM power density at 11.5 Hertz,spectnrem11point5hz,nrem_11_5_hz,NREM power density at 11.5 Hertz,CCSHS,TREC: In Lab PSG,calculated,,SpectralTrainFig & BlockEdfSummarizeFig,
16 - Signal Processing/EEG/Spectral Analysis,NREM power density at 11.0 Hertz,spectnrem11hz,nrem_11_hz,NREM power density at 11.0 Hertz,CCSHS,TREC: In Lab PSG,calculated,,SpectralTrainFig & BlockEdfSummarizeFig,
16 - Signal Processing/EEG/Spectral Analysis,NREM power density at 12.5 Hertz,spectnrem12point5hz,nrem_12_5_hz,NREM power density at 12.5 Hertz,CCSHS,TREC: In Lab PSG,calculated,,SpectralTrainFig & BlockEdfSummarizeFig,
16 - Signal Processing/EEG/Spectral Analysis,NREM power density at 12.0 Hertz,spectnrem12hz,nrem_12_hz,NREM power density at 12.0 Hertz,CCSHS,TREC: In Lab PSG,calculated,,SpectralTrainFig & BlockEdfSummarizeFig,
16 - Signal Processing/EEG/Spectral Analysis,NREM power density at 13.5 Hertz,spectnrem13point5hz,nrem_13_5_hz,NREM power density at 13.5 Hertz,CCSHS,TREC: In Lab PSG,calculated,,SpectralTrainFig & BlockEdfSummarizeFig,
16 - Signal Processing/EEG/Spectral Analysis,NREM power density at 13.0 Hertz,spectnrem13hz,nrem_13_hz,NREM power density at 13.0 Hertz,CCSHS,TREC: In Lab PSG,calculated,,SpectralTrainFig & BlockEdfSummarizeFig,
16 - Signal Processing/EEG/Spectral Analysis,NREM power density at 14.5 Hertz,spectnrem14point5hz,nrem_14_5_hz,NREM power density at 14.5 Hertz,CCSHS,TREC: In Lab PSG,calculated,,SpectralTrainFig & BlockEdfSummarizeFig,
16 - Signal Processing/EEG/Spectral Analysis,NREM power density at 14.0 Hertz,spectnrem14hz,nrem_14_hz,NREM power density at 14.0 Hertz,CCSHS,TREC: In Lab PSG,calculated,,SpectralTrainFig & BlockEdfSummarizeFig,
16 - Signal Processing/EEG/Spectral Analysis,NREM power density at 15.5 Hertz,spectnrem15point5hz,nrem_15_5_hz,NREM power density at 15.5 Hertz,CCSHS,TREC: In Lab PSG,calculated,,SpectralTrainFig & BlockEdfSummarizeFig,
16 - Signal Processing/EEG/Spectral Analysis,NREM power density at 15.0 Hertz,spectnrem15hz,nrem_15_hz,NREM power density at 15.0 Hertz,CCSHS,TREC: In Lab PSG,calculated,,SpectralTrainFig & BlockEdfSummarizeFig,
16 - Signal Processing/EEG/Spectral Analysis,NREM power density at 16.5 Hertz,spectnrem16point5hz,nrem_16_5_hz,NREM power density at 16.5 Hertz,CCSHS,TREC: In Lab PSG,calculated,,SpectralTrainFig & BlockEdfSummarizeFig,
16 - Signal Processing/EEG/Spectral Analysis,NREM power density at 16.0 Hertz,spectnrem16hz,nrem_16_hz,NREM power density at 16.0 Hertz,CCSHS,TREC: In Lab PSG,calculated,,SpectralTrainFig & BlockEdfSummarizeFig,
16 - Signal Processing/EEG/Spectral Analysis,NREM power density at 17.5 Hertz,spectnrem17point5hz,nrem_17_5_hz,NREM power density at 17.5 Hertz,CCSHS,TREC: In Lab PSG,calculated,,SpectralTrainFig & BlockEdfSummarizeFig,
16 - Signal Processing/EEG/Spectral Analysis,NREM power density at 17.0 Hertz,spectnrem17hz,nrem_17_hz,NREM power density at 17.0 Hertz,CCSHS,TREC: In Lab PSG,calculated,,SpectralTrainFig & BlockEdfSummarizeFig,
16 - Signal Processing/EEG/Spectral Analysis,NREM power density at 18.5 Hertz,spectnrem18point5hz,nrem_18_5_hz,NREM power density at 18.5 Hertz,CCSHS,TREC: In Lab PSG,calculated,,SpectralTrainFig & BlockEdfSummarizeFig,
16 - Signal Processing/EEG/Spectral Analysis,NREM power density at 18.0 Hertz,spectnrem18hz,nrem_18_hz,NREM power density at 18.0 Hertz,CCSHS,TREC: In Lab PSG,calculated,,SpectralTrainFig & BlockEdfSummarizeFig,
16 - Signal Processing/EEG/Spectral Analysis,NREM power density at 19.5 Hertz,spectnrem19point5hz,nrem_19_5_hz,NREM power density at 19.5 Hertz,CCSHS,TREC: In Lab PSG,calculated,,SpectralTrainFig & BlockEdfSummarizeFig,
16 - Signal Processing/EEG/Spectral Analysis,NREM power density at 19.0 Hertz,spectnrem19hz,nrem_19_hz,NREM power density at 19.0 Hertz,CCSHS,TREC: In Lab PSG,calculated,,SpectralTrainFig & BlockEdfSummarizeFig,
16 - Signal Processing/EEG/Spectral Analysis,NREM power density at 1.5 Hertz,spectnrem1point5hz,nrem_1_5_hz,NREM power density at 1.5 Hertz,CCSHS,TREC: In Lab PSG,calculated,,SpectralTrainFig & BlockEdfSummarizeFig,
16 - Signal Processing/EEG/Spectral Analysis,NREM power density at 1.0 Hertz,spectnrem1hz,nrem_1_hz,NREM power density at 1.0 Hertz,CCSHS,TREC: In Lab PSG,calculated,,SpectralTrainFig & BlockEdfSummarizeFig,
16 - Signal Processing/EEG/Spectral Analysis,NREM power density at 20.5 Hertz,spectnrem20point5hz,nrem_20_5_hz,NREM power density at 20.5 Hertz,CCSHS,TREC: In Lab PSG,calculated,,SpectralTrainFig & BlockEdfSummarizeFig,
16 - Signal Processing/EEG/Spectral Analysis,NREM power density at 20.0 Hertz,spectnrem20hz,nrem_20_hz,NREM power density at 20.0 Hertz,CCSHS,TREC: In Lab PSG,calculated,,SpectralTrainFig & BlockEdfSummarizeFig,
16 - Signal Processing/EEG/Spectral Analysis,NREM power density at 21.5 Hertz,spectnrem21point5hz,nrem_21_5_hz,NREM power density at 21.5 Hertz,CCSHS,TREC: In Lab PSG,calculated,,SpectralTrainFig & BlockEdfSummarizeFig,
16 - Signal Processing/EEG/Spectral Analysis,NREM power density at 21.0 Hertz,spectnrem21hz,nrem_21_hz,NREM power density at 21.0 Hertz,CCSHS,TREC: In Lab PSG,calculated,,SpectralTrainFig & BlockEdfSummarizeFig,
16 - Signal Processing/EEG/Spectral Analysis,NREM power density at 22.5 Hertz,spectnrem22point5hz,nrem_22_5_hz,NREM power density at 22.5 Hertz,CCSHS,TREC: In Lab PSG,calculated,,SpectralTrainFig & BlockEdfSummarizeFig,
16 - Signal Processing/EEG/Spectral Analysis,NREM power density at 22.0 Hertz,spectnrem22hz,nrem_22_hz,NREM power density at 22.0 Hertz,CCSHS,TREC: In Lab PSG,calculated,,SpectralTrainFig & BlockEdfSummarizeFig,
16 - Signal Processing/EEG/Spectral Analysis,NREM power density at 23.5 Hertz,spectnrem23point5hz,nrem_23_5_hz,NREM power density at 23.5 Hertz,CCSHS,TREC: In Lab PSG,calculated,,SpectralTrainFig & BlockEdfSummarizeFig,
16 - Signal Processing/EEG/Spectral Analysis,NREM power density at 23.0 Hertz,spectnrem23hz,nrem_23_hz,NREM power density at 23.0 Hertz,CCSHS,TREC: In Lab PSG,calculated,,SpectralTrainFig & BlockEdfSummarizeFig,
16 - Signal Processing/EEG/Spectral Analysis,NREM power density at 24.5 Hertz,spectnrem24point5hz,nrem_24_5_hz,NREM power density at 24.5 Hertz,CCSHS,TREC: In Lab PSG,calculated,,SpectralTrainFig & BlockEdfSummarizeFig,
16 - Signal Processing/EEG/Spectral Analysis,NREM power density at 24.0 Hertz,spectnrem24hz,nrem_24_hz,NREM power density at 24.0 Hertz,CCSHS,TREC: In Lab PSG,calculated,,SpectralTrainFig & BlockEdfSummarizeFig,
16 - Signal Processing/EEG/Spectral Analysis,NREM power density at 25.0 Hertz,spectnrem25hz,nrem_25_hz,NREM power density at 25.0 Hertz,CCSHS,TREC: In Lab PSG,calculated,,SpectralTrainFig & BlockEdfSummarizeFig,
16 - Signal Processing/EEG/Spectral Analysis,NREM power density at 2.5 Hertz,spectnrem2point5hz,nrem_2_5_hz,NREM power density at 2.5 Hertz,CCSHS,TREC: In Lab PSG,calculated,,SpectralTrainFig & BlockEdfSummarizeFig,
16 - Signal Processing/EEG/Spectral Analysis,NREM power density at 2.0 Hertz,spectnrem2hz,nrem_2_hz,NREM power density at 2.0 Hertz,CCSHS,TREC: In Lab PSG,calculated,,SpectralTrainFig & BlockEdfSummarizeFig,
16 - Signal Processing/EEG/Spectral Analysis,NREM power density at 3.5 Hertz,spectnrem3point5hz,nrem_3_5_hz,NREM power density at 3.5 Hertz,CCSHS,TREC: In Lab PSG,calculated,,SpectralTrainFig & BlockEdfSummarizeFig,
16 - Signal Processing/EEG/Spectral Analysis,NREM power density at 3.0 Hertz,spectnrem3hz,nrem_3_hz,NREM power density at 3.0 Hertz,CCSHS,TREC: In Lab PSG,calculated,,SpectralTrainFig & BlockEdfSummarizeFig,
16 - Signal Processing/EEG/Spectral Analysis,NREM power density at 4.5 Hertz,spectnrem4point5hz,nrem_4_5_hz,NREM power density at 4.5 Hertz,CCSHS,TREC: In Lab PSG,calculated,,SpectralTrainFig & BlockEdfSummarizeFig,
16 - Signal Processing/EEG/Spectral Analysis,NREM power density at 4.0 Hertz,spectnrem4hz,nrem_4_hz,NREM power density at 4.0 Hertz,CCSHS,TREC: In Lab PSG,calculated,,SpectralTrainFig & BlockEdfSummarizeFig,
16 - Signal Processing/EEG/Spectral Analysis,NREM power density at 5.5 Hertz,spectnrem5point5hz,nrem_5_5_hz,NREM power density at 5.5 Hertz,CCSHS,TREC: In Lab PSG,calculated,,SpectralTrainFig & BlockEdfSummarizeFig,
16 - Signal Processing/EEG/Spectral Analysis,NREM power density at 5.0 Hertz,spectnrem5hz,nrem_5_hz,NREM power density at 5.0 Hertz,CCSHS,TREC: In Lab PSG,calculated,,SpectralTrainFig & BlockEdfSummarizeFig,
16 - Signal Processing/EEG/Spectral Analysis,NREM power density at 6.5 Hertz,spectnrem6point5hz,nrem_6_5_hz,NREM power density at 6.5 Hertz,CCSHS,TREC: In Lab PSG,calculated,,SpectralTrainFig & BlockEdfSummarizeFig,
16 - Signal Processing/EEG/Spectral Analysis,NREM power density at 6.0 Hertz,spectnrem6hz,nrem_6_hz,NREM power density at 6.0 Hertz,CCSHS,TREC: In Lab PSG,calculated,,SpectralTrainFig & BlockEdfSummarizeFig,
16 - Signal Processing/EEG/Spectral Analysis,NREM power density at 7.5 Hertz,spectnrem7point5hz,nrem_7_5_hz,NREM power density at 7.5 Hertz,CCSHS,TREC: In Lab PSG,calculated,,SpectralTrainFig & BlockEdfSummarizeFig,
16 - Signal Processing/EEG/Spectral Analysis,NREM power density at 7.0 Hertz,spectnrem7hz,nrem_7_hz,NREM power density at 7.0 Hertz,CCSHS,TREC: In Lab PSG,calculated,,SpectralTrainFig & BlockEdfSummarizeFig,
16 - Signal Processing/EEG/Spectral Analysis,NREM power density at 8.5 Hertz,spectnrem8point5hz,nrem_8_5_hz,NREM power density at 8.5 Hertz,CCSHS,TREC: In Lab PSG,calculated,,SpectralTrainFig & BlockEdfSummarizeFig,
16 - Signal Processing/EEG/Spectral Analysis,NREM power density at 8.0 Hertz,spectnrem8hz,nrem_8_hz,NREM power density at 8.0 Hertz,CCSHS,TREC: In Lab PSG,calculated,,SpectralTrainFig & BlockEdfSummarizeFig,
16 - Signal Processing/EEG/Spectral Analysis,NREM power density at 9.5 Hertz,spectnrem9point5hz,nrem_9_5_hz,NREM power density at 9.5 Hertz,CCSHS,TREC: In Lab PSG,calculated,,SpectralTrainFig & BlockEdfSummarizeFig,
16 - Signal Processing/EEG/Spectral Analysis,NREM power density at 9.0 Hertz,spectnrem9hz,nrem_9_hz,NREM power density at 9.0 Hertz,CCSHS,TREC: In Lab PSG,calculated,,SpectralTrainFig & BlockEdfSummarizeFig,
16 - Signal Processing/EEG/Spectral Analysis,REM power density at 0.5 Hertz,spectrem0point5hz,rem_0_5_hz,REM power density at 0.5 Hertz,CCSHS,TREC: In Lab PSG,calculated,,SpectralTrainFig & BlockEdfSummarizeFig,
16 - Signal Processing/EEG/Spectral Analysis,REM power density at 0 Hertz,spectrem0hz,rem_0_hz,REM power density at 0 Hertz,CCSHS,TREC: In Lab PSG,calculated,,SpectralTrainFig & BlockEdfSummarizeFig,
16 - Signal Processing/EEG/Spectral Analysis,REM power density at 10.5 Hertz,spectrem10point5hz,rem_10_5_hz,REM power density at 10.5 Hertz,CCSHS,TREC: In Lab PSG,calculated,,SpectralTrainFig & BlockEdfSummarizeFig,
16 - Signal Processing/EEG/Spectral Analysis,REM power density at 10.0 Hertz,spectrem10hz,rem_10_hz,REM power density at 10.0 Hertz,CCSHS,TREC: In Lab PSG,calculated,,SpectralTrainFig & BlockEdfSummarizeFig,
16 - Signal Processing/EEG/Spectral Analysis,REM power density at 11.5 Hertz,spectrem11point5hz,rem_11_5_hz,REM power density at 11.5 Hertz,CCSHS,TREC: In Lab PSG,calculated,,SpectralTrainFig & BlockEdfSummarizeFig,
16 - Signal Processing/EEG/Spectral Analysis,REM power density at 11.0 Hertz,spectrem11hz,rem_11_hz,REM power density at 11.0 Hertz,CCSHS,TREC: In Lab PSG,calculated,,SpectralTrainFig & BlockEdfSummarizeFig,
16 - Signal Processing/EEG/Spectral Analysis,REM power density at 12.5 Hertz,spectrem12point5hz,rem_12_5_hz,REM power density at 12.5 Hertz,CCSHS,TREC: In Lab PSG,calculated,,SpectralTrainFig & BlockEdfSummarizeFig,
16 - Signal Processing/EEG/Spectral Analysis,REM power density at 12.0 Hertz,spectrem12hz,rem_12_hz,REM power density at 12.0 Hertz,CCSHS,TREC: In Lab PSG,calculated,,SpectralTrainFig & BlockEdfSummarizeFig,
16 - Signal Processing/EEG/Spectral Analysis,REM power density at 13.5 Hertz,spectrem13point5hz,rem_13_5_hz,REM power density at 13.5 Hertz,CCSHS,TREC: In Lab PSG,calculated,,SpectralTrainFig & BlockEdfSummarizeFig,
16 - Signal Processing/EEG/Spectral Analysis,REM power density at 13.0 Hertz,spectrem13hz,rem_13_hz,REM power density at 13.0 Hertz,CCSHS,TREC: In Lab PSG,calculated,,SpectralTrainFig & BlockEdfSummarizeFig,
16 - Signal Processing/EEG/Spectral Analysis,REM power density at 14.5 Hertz,spectrem14point5hz,rem_14_5_hz,REM power density at 14.5 Hertz,CCSHS,TREC: In Lab PSG,calculated,,SpectralTrainFig & BlockEdfSummarizeFig,
16 - Signal Processing/EEG/Spectral Analysis,REM power density at 14.0 Hertz,spectrem14hz,rem_14_hz,REM power density at 14.0 Hertz,CCSHS,TREC: In Lab PSG,calculated,,SpectralTrainFig & BlockEdfSummarizeFig,
16 - Signal Processing/EEG/Spectral Analysis,REM power density at 15.5 Hertz,spectrem15point5hz,rem_15_5_hz,REM power density at 15.5 Hertz,CCSHS,TREC: In Lab PSG,calculated,,SpectralTrainFig & BlockEdfSummarizeFig,
16 - Signal Processing/EEG/Spectral Analysis,REM power density at 15.0 Hertz,spectrem15hz,rem_15_hz,REM power density at 15.0 Hertz,CCSHS,TREC: In Lab PSG,calculated,,SpectralTrainFig & BlockEdfSummarizeFig,
16 - Signal Processing/EEG/Spectral Analysis,REM power density at 16.5 Hertz,spectrem16point5hz,rem_16_5_hz,REM power density at 16.5 Hertz,CCSHS,TREC: In Lab PSG,calculated,,SpectralTrainFig & BlockEdfSummarizeFig,
16 - Signal Processing/EEG/Spectral Analysis,REM power density at 16.0 Hertz,spectrem16hz,rem_16_hz,REM power density at 16.0 Hertz,CCSHS,TREC: In Lab PSG,calculated,,SpectralTrainFig & BlockEdfSummarizeFig,
16 - Signal Processing/EEG/Spectral Analysis,REM power density at 17.5 Hertz,spectrem17point5hz,rem_17_5_hz,REM power density at 17.5 Hertz,CCSHS,TREC: In Lab PSG,calculated,,SpectralTrainFig & BlockEdfSummarizeFig,
16 - Signal Processing/EEG/Spectral Analysis,REM power density at 17.0 Hertz,spectrem17hz,rem_17_hz,REM power density at 17.0 Hertz,CCSHS,TREC: In Lab PSG,calculated,,SpectralTrainFig & BlockEdfSummarizeFig,
16 - Signal Processing/EEG/Spectral Analysis,REM power density at 18.5 Hertz,spectrem18point5hz,rem_18_5_hz,REM power density at 18.5 Hertz,CCSHS,TREC: In Lab PSG,calculated,,SpectralTrainFig & BlockEdfSummarizeFig,
16 - Signal Processing/EEG/Spectral Analysis,REM power density at 18.0 Hertz,spectrem18hz,rem_18_hz,REM power density at 18.0 Hertz,CCSHS,TREC: In Lab PSG,calculated,,SpectralTrainFig & BlockEdfSummarizeFig,
16 - Signal Processing/EEG/Spectral Analysis,REM power density at 19.5 Hertz,spectrem19point5hz,rem_19_5_hz,REM power density at 19.5 Hertz,CCSHS,TREC: In Lab PSG,calculated,,SpectralTrainFig & BlockEdfSummarizeFig,
16 - Signal Processing/EEG/Spectral Analysis,REM power density at 19.0 Hertz,spectrem19hz,rem_19_hz,REM power density at 19.0 Hertz,CCSHS,TREC: In Lab PSG,calculated,,SpectralTrainFig & BlockEdfSummarizeFig,
16 - Signal Processing/EEG/Spectral Analysis,REM power density at 1.5 Hertz,spectrem1point5hz,rem_1_5_hz,REM power density at 1.5 Hertz,CCSHS,TREC: In Lab PSG,calculated,,SpectralTrainFig & BlockEdfSummarizeFig,
16 - Signal Processing/EEG/Spectral Analysis,REM power density at 1.0 Hertz,spectrem1hz,rem_1_hz,REM power density at 1.0 Hertz,CCSHS,TREC: In Lab PSG,calculated,,SpectralTrainFig & BlockEdfSummarizeFig,
16 - Signal Processing/EEG/Spectral Analysis,REM power density at 20.5 Hertz,spectrem20point5hz,rem_20_5_hz,REM power density at 20.5 Hertz,CCSHS,TREC: In Lab PSG,calculated,,SpectralTrainFig & BlockEdfSummarizeFig,
16 - Signal Processing/EEG/Spectral Analysis,REM power density at 20.0 Hertz,spectrem20hz,rem_20_hz,REM power density at 20.0 Hertz,CCSHS,TREC: In Lab PSG,calculated,,SpectralTrainFig & BlockEdfSummarizeFig,
16 - Signal Processing/EEG/Spectral Analysis,REM power density at 21.5 Hertz,spectrem21point5hz,rem_21_5_hz,REM power density at 21.5 Hertz,CCSHS,TREC: In Lab PSG,calculated,,SpectralTrainFig & BlockEdfSummarizeFig,
16 - Signal Processing/EEG/Spectral Analysis,REM power density at 21.0 Hertz,spectrem21hz,rem_21_hz,REM power density at 21.0 Hertz,CCSHS,TREC: In Lab PSG,calculated,,SpectralTrainFig & BlockEdfSummarizeFig,
16 - Signal Processing/EEG/Spectral Analysis,REM power density at 22.5 Hertz,spectrem22point5hz,rem_22_5_hz,REM power density at 22.5 Hertz,CCSHS,TREC: In Lab PSG,calculated,,SpectralTrainFig & BlockEdfSummarizeFig,
16 - Signal Processing/EEG/Spectral Analysis,REM power density at 22.0 Hertz,spectrem22hz,rem_22_hz,REM power density at 22.0 Hertz,CCSHS,TREC: In Lab PSG,calculated,,SpectralTrainFig & BlockEdfSummarizeFig,
16 - Signal Processing/EEG/Spectral Analysis,REM power density at 23.5 Hertz,spectrem23point5hz,rem_23_5_hz,REM power density at 23.5 Hertz,CCSHS,TREC: In Lab PSG,calculated,,SpectralTrainFig & BlockEdfSummarizeFig,
16 - Signal Processing/EEG/Spectral Analysis,REM power density at 23.0 Hertz,spectrem23hz,rem_23_hz,REM power density at 23.0 Hertz,CCSHS,TREC: In Lab PSG,calculated,,SpectralTrainFig & BlockEdfSummarizeFig,
16 - Signal Processing/EEG/Spectral Analysis,REM power density at 24.5 Hertz,spectrem24point5hz,rem_24_5_hz,REM power density at 24.5 Hertz,CCSHS,TREC: In Lab PSG,calculated,,SpectralTrainFig & BlockEdfSummarizeFig,
16 - Signal Processing/EEG/Spectral Analysis,REM power density at 24.0 Hertz,spectrem24hz,rem_24_hz,REM power density at 24.0 Hertz,CCSHS,TREC: In Lab PSG,calculated,,SpectralTrainFig & BlockEdfSummarizeFig,
16 - Signal Processing/EEG/Spectral Analysis,REM power density at 25.0 Hertz,spectrem25hz,rem_25_hz,REM power density at 25.0 Hertz,CCSHS,TREC: In Lab PSG,calculated,,SpectralTrainFig & BlockEdfSummarizeFig,
16 - Signal Processing/EEG/Spectral Analysis,REM power density at 2.5 Hertz,spectrem2point5hz,rem_2_5_hz,REM power density at 2.5 Hertz,CCSHS,TREC: In Lab PSG,calculated,,SpectralTrainFig & BlockEdfSummarizeFig,
16 - Signal Processing/EEG/Spectral Analysis,REM power density at 2.0 Hertz,spectrem2hz,rem_2_hz,REM power density at 2.0 Hertz,CCSHS,TREC: In Lab PSG,calculated,,SpectralTrainFig & BlockEdfSummarizeFig,
16 - Signal Processing/EEG/Spectral Analysis,REM power density at 3.5 Hertz,spectrem3point5hz,rem_3_5_hz,REM power density at 3.5 Hertz,CCSHS,TREC: In Lab PSG,calculated,,SpectralTrainFig & BlockEdfSummarizeFig,
16 - Signal Processing/EEG/Spectral Analysis,REM power density at 3.0 Hertz,spectrem3hz,rem_3_hz,REM power density at 3.0 Hertz,CCSHS,TREC: In Lab PSG,calculated,,SpectralTrainFig & BlockEdfSummarizeFig,
16 - Signal Processing/EEG/Spectral Analysis,REM power density at 4.5 Hertz,spectrem4point5hz,rem_4_5_hz,REM power density at 4.5 Hertz,CCSHS,TREC: In Lab PSG,calculated,,SpectralTrainFig & BlockEdfSummarizeFig,
16 - Signal Processing/EEG/Spectral Analysis,REM power density at 4.0 Hertz,spectrem4hz,rem_4_hz,REM power density at 4.0 Hertz,CCSHS,TREC: In Lab PSG,calculated,,SpectralTrainFig & BlockEdfSummarizeFig,
16 - Signal Processing/EEG/Spectral Analysis,REM power density at 5.5 Hertz,spectrem5point5hz,rem_5_5_hz,REM power density at 5.5 Hertz,CCSHS,TREC: In Lab PSG,calculated,,SpectralTrainFig & BlockEdfSummarizeFig,
16 - Signal Processing/EEG/Spectral Analysis,REM power density at 5.0 Hertz,spectrem5hz,rem_5_hz,REM power density at 5.0 Hertz,CCSHS,TREC: In Lab PSG,calculated,,SpectralTrainFig & BlockEdfSummarizeFig,
16 - Signal Processing/EEG/Spectral Analysis,REM power density at 6.5 Hertz,spectrem6point5hz,rem_6_5_hz,REM power density at 6.5 Hertz,CCSHS,TREC: In Lab PSG,calculated,,SpectralTrainFig & BlockEdfSummarizeFig,
16 - Signal Processing/EEG/Spectral Analysis,REM power density at 6.0 Hertz,spectrem6hz,rem_6_hz,REM power density at 6.0 Hertz,CCSHS,TREC: In Lab PSG,calculated,,SpectralTrainFig & BlockEdfSummarizeFig,
16 - Signal Processing/EEG/Spectral Analysis,REM power density at 7.5 Hertz,spectrem7point5hz,rem_7_5_hz,REM power density at 7.5 Hertz,CCSHS,TREC: In Lab PSG,calculated,,SpectralTrainFig & BlockEdfSummarizeFig,
16 - Signal Processing/EEG/Spectral Analysis,REM power density at 7.0 Hertz,spectrem7hz,rem_7_hz,REM power density at 7.0 Hertz,CCSHS,TREC: In Lab PSG,calculated,,SpectralTrainFig & BlockEdfSummarizeFig,
16 - Signal Processing/EEG/Spectral Analysis,REM power density at 8.5 Hertz,spectrem8point5hz,rem_8_5_hz,REM power density at 8.5 Hertz,CCSHS,TREC: In Lab PSG,calculated,,SpectralTrainFig & BlockEdfSummarizeFig,
16 - Signal Processing/EEG/Spectral Analysis,REM power density at 8.0 Hertz,spectrem8hz,rem_8_hz,REM power density at 8.0 Hertz,CCSHS,TREC: In Lab PSG,calculated,,SpectralTrainFig & BlockEdfSummarizeFig,
16 - Signal Processing/EEG/Spectral Analysis,REM power density at 9.5 Hertz,spectrem9point5hz,rem_9_5_hz,REM power density at 9.5 Hertz,CCSHS,TREC: In Lab PSG,calculated,,SpectralTrainFig & BlockEdfSummarizeFig,
16 - Signal Processing/EEG/Spectral Analysis,REM power density at 9.0 Hertz,spectrem9hz,rem_9_hz,REM power density at 9.0 Hertz,CCSHS,TREC: In Lab PSG,calculated,,SpectralTrainFig & BlockEdfSummarizeFig,
16 - Signal Processing/EEG/Spectral Analysis,Sigma band end,spectsigmabandend,sigma_bandend,Sigma band end,CCSHS,TREC: In Lab PSG,calculated,,SpectralTrainFig & BlockEdfSummarizeFig,
16 - Signal Processing/EEG/Spectral Analysis,Sigma band start,spectsigmabandstart,sigma_bandstart,Sigma band start,CCSHS,TREC: In Lab PSG,calculated,,SpectralTrainFig & BlockEdfSummarizeFig,
16 - Signal Processing/EEG/Spectral Analysis,Log transformed sigma power density in NREM sleep,spectsigmalognrem,sigma_lognrem,Log transformed sigma power density in NREM sleep,CCSHS,TREC: In Lab PSG,calculated,,SpectralTrainFig & BlockEdfSummarizeFig,
16 - Signal Processing/EEG/Spectral Analysis,Log transformed sigma power density in REM sleep,spectsigmalogrem,sigma_logrem,Log transformed sigma power density in REM sleep,CCSHS,TREC: In Lab PSG,calculated,,SpectralTrainFig & BlockEdfSummarizeFig,
16 - Signal Processing/EEG/Spectral Analysis,Log transformed sigma power density in sleep,spectsigmalogsleep,sigma_logsleep,Log transformed sigma power density in sleep,CCSHS,TREC: In Lab PSG,calculated,,SpectralTrainFig & BlockEdfSummarizeFig,
16 - Signal Processing/EEG/Spectral Analysis,Sigma power density in NREM sleep,spectsigmanrem,sigma_nrem,Sigma power density in NREM sleep,CCSHS,TREC: In Lab PSG,calculated,,SpectralTrainFig & BlockEdfSummarizeFig,
16 - Signal Processing/EEG/Spectral Analysis,Sigma power density in REM sleep,spectsigmarem,sigma_rem,Sigma power density in REM sleep,CCSHS,TREC: In Lab PSG,calculated,,SpectralTrainFig & BlockEdfSummarizeFig,
16 - Signal Processing/EEG/Spectral Analysis,Sigma power density in sleep,spectsigmasleep,sigma_sleep,Sigma power density in sleep,CCSHS,TREC: In Lab PSG,calculated,,SpectralTrainFig & BlockEdfSummarizeFig,
16 - Signal Processing/EEG/Spectral Analysis,EEG Signal,spectsignal,signal,EEG Signal,CCSHS,TREC: In Lab PSG,calculated,,SpectralTrainFig & BlockEdfSummarizeFig,
16 - Signal Processing/EEG/Spectral Analysis,Slow oscillations band end,spectslowoscbandend,slowosc_bandend,Slow oscillations band end,CCSHS,TREC: In Lab PSG,calculated,,SpectralTrainFig & BlockEdfSummarizeFig,
16 - Signal Processing/EEG/Spectral Analysis,Slow oscillations band start,spectslowoscbandstart,slowosc_bandstart,Slow oscillations band start,CCSHS,TREC: In Lab PSG,calculated,,SpectralTrainFig & BlockEdfSummarizeFig,
16 - Signal Processing/EEG/Spectral Analysis,Log transformed slow oscillation power density in NREM sleep,spectslowosclognrem,slowosc_lognrem,Log transformed slow oscillation power density in NREM sleep,CCSHS,TREC: In Lab PSG,calculated,,SpectralTrainFig & BlockEdfSummarizeFig,
16 - Signal Processing/EEG/Spectral Analysis,Log transformed slow oscillation power density in REM sleep,spectslowosclogrem,slowosc_logrem,Log transformed slow oscillation power density in REM sleep,CCSHS,TREC: In Lab PSG,calculated,,SpectralTrainFig & BlockEdfSummarizeFig,
16 - Signal Processing/EEG/Spectral Analysis,Log transformed slow oscillation power density in sleep,spectslowosclogsleep,slowosc_logsleep,Log transformed slow oscillation power density in sleep,CCSHS,TREC: In Lab PSG,calculated,,SpectralTrainFig & BlockEdfSummarizeFig,
16 - Signal Processing/EEG/Spectral Analysis,Slow oscillation power density in NREM sleep,spectslowoscnrem,slowosc_nrem,Slow oscillation power density in NREM sleep,CCSHS,TREC: In Lab PSG,calculated,,SpectralTrainFig & BlockEdfSummarizeFig,
16 - Signal Processing/EEG/Spectral Analysis,Slow oscillation power density in REM sleep,spectslowoscrem,slowosc_rem,Slow oscillation power density in REM sleep,CCSHS,TREC: In Lab PSG,calculated,,SpectralTrainFig & BlockEdfSummarizeFig,
16 - Signal Processing/EEG/Spectral Analysis,Slow oscillation power density in sleep,spectslowoscsleep,slowosc_sleep,Slow oscillation power density in sleep,CCSHS,TREC: In Lab PSG,calculated,,SpectralTrainFig & BlockEdfSummarizeFig,
16 - Signal Processing/EEG/Spectral Analysis,Slow sigma band end,spectslowsigmabandend,slowsigma_bandend,Slow sigma band end,CCSHS,TREC: In Lab PSG,calculated,,SpectralTrainFig & BlockEdfSummarizeFig,
16 - Signal Processing/EEG/Spectral Analysis,Slow sigma band start,spectslowsigmabandstart,slowsigma_bandstart,Slow sigma band start,CCSHS,TREC: In Lab PSG,calculated,,SpectralTrainFig & BlockEdfSummarizeFig,
16 - Signal Processing/EEG/Spectral Analysis,Log transformed slow sigma power density in NREM sleep,spectslowsigmalognrem,slowsigma_lognrem,Log transformed slow sigma power density in NREM sleep,CCSHS,TREC: In Lab PSG,calculated,,SpectralTrainFig & BlockEdfSummarizeFig,
16 - Signal Processing/EEG/Spectral Analysis,Log transformed slow sigma power density in REM sleep,spectslowsigmalogrem,slowsigma_logrem,Log transformed slow sigma power density in REM sleep,CCSHS,TREC: In Lab PSG,calculated,,SpectralTrainFig & BlockEdfSummarizeFig,
16 - Signal Processing/EEG/Spectral Analysis,Log transformed slow sigma power density in sleep,spectslowsigmalogsleep,slowsigma_logsleep,Log transformed slow sigma power density in sleep,CCSHS,TREC: In Lab PSG,calculated,,SpectralTrainFig & BlockEdfSummarizeFig,
16 - Signal Processing/EEG/Spectral Analysis,Slow sigma power density in NREM sleep,spectslowsigmanrem,slowsigma_nrem,Slow sigma power density in NREM sleep,CCSHS,TREC: In Lab PSG,calculated,,SpectralTrainFig & BlockEdfSummarizeFig,
16 - Signal Processing/EEG/Spectral Analysis,Slow sigma power density in REM sleep,spectslowsigmarem,slowsigma_rem,Slow sigma power density in REM sleep,CCSHS,TREC: In Lab PSG,calculated,,SpectralTrainFig & BlockEdfSummarizeFig,
16 - Signal Processing/EEG/Spectral Analysis,Slow sigma power density in sleep,spectslowsigmasleep,slowsigma_sleep,Slow sigma power density in sleep,CCSHS,TREC: In Lab PSG,calculated,,SpectralTrainFig & BlockEdfSummarizeFig,
16 - Signal Processing/EEG/Spectral Analysis,Theta band end,spectthetabandend,theta_bandend,Theta band end,CCSHS,TREC: In Lab PSG,calculated,,SpectralTrainFig & BlockEdfSummarizeFig,
16 - Signal Processing/EEG/Spectral Analysis,Theta band start,spectthetabandstart,theta_bandstart,Theta band start,CCSHS,TREC: In Lab PSG,calculated,,SpectralTrainFig & BlockEdfSummarizeFig,
16 - Signal Processing/EEG/Spectral Analysis,Log transformed theta power density in NREM sleep,spectthetalognrem,theta_lognrem,Log transformed theta power density in NREM sleep,CCSHS,TREC: In Lab PSG,calculated,,SpectralTrainFig & BlockEdfSummarizeFig,
16 - Signal Processing/EEG/Spectral Analysis,Log transformed theta power density in REM sleep,spectthetalogrem,theta_logrem,Log transformed theta power density in REM sleep,CCSHS,TREC: In Lab PSG,calculated,,SpectralTrainFig & BlockEdfSummarizeFig,
16 - Signal Processing/EEG/Spectral Analysis,Log transformed theta power density in sleep,spectthetalogsleep,theta_logsleep,Log transformed theta power density in sleep,CCSHS,TREC: In Lab PSG,calculated,,SpectralTrainFig & BlockEdfSummarizeFig,
16 - Signal Processing/EEG/Spectral Analysis,Theta power density in NREM sleep,spectthetanrem,theta_nrem,Theta power density in NREM sleep,CCSHS,TREC: In Lab PSG,calculated,,SpectralTrainFig & BlockEdfSummarizeFig,
16 - Signal Processing/EEG/Spectral Analysis,Theta power density in REM sleep,spectthetarem,theta_rem,Theta power density in REM sleep,CCSHS,TREC: In Lab PSG,calculated,,SpectralTrainFig & BlockEdfSummarizeFig,
16 - Signal Processing/EEG/Spectral Analysis,Theta power density in sleep,spectthetasleep,theta_sleep,Theta power density in sleep,CCSHS,TREC: In Lab PSG,calculated,,SpectralTrainFig & BlockEdfSummarizeFig,
16 - Signal Processing/ECG/Heart Rate Variability/Time,Average of all NN intervals,hrvavnn,,,,,,,,
16 - Signal Processing/ECG/Heart Rate Variability/Time,Standard deviation of all NN intervals,hrvsdnn,,,,,,,,
16 - Signal Processing/ECG/Heart Rate Variability/Time,Standard deviation of the averages of NN intervals in all 5-minute segments of a 24-hour recording,hrvsdann,,,,,,,,
16 - Signal Processing/ECG/Heart Rate Variability/Time,Mean of the standard deviations of NN intervals in all 5-minute segments of a 24-hour recording,hrvsdnnidx,,,,,,,,
16 - Signal Processing/ECG/Heart Rate Variability/Time,Square root of the mean of the squares of differences between adjacent NN intervals,hrvrmssd,,,,,,,,
16 - Signal Processing/ECG/Heart Rate Variability/Time,Percentage of differences between adjacent NN intervals that are greater than 50 ms,hrvpnn50,,,,,,,,
16 - Signal Processing/ECG/Heart Rate Variability/Frequency,Total spectral power of all NN intervals up to 0.04 Hz,hrvtotpwr,,,,,,,,
16 - Signal Processing/ECG/Heart Rate Variability/Frequency,Total spectral power of all NN intervals up to 0.003 Hz,hrvulf,,,,,,,,
16 - Signal Processing/ECG/Heart Rate Variability/Frequency,Total spectral power of all NN intervals between 0.003 and 0.04 Hz,hrvvlf,,,,,,,,
16 - Signal Processing/ECG/Heart Rate Variability/Frequency,Total spectral power of all NN intervals between 0.04 and 0.15 Hz,hrvlf,,,,,,,,
16 - Signal Processing/ECG/Heart Rate Variability/Frequency,Total spectral power of all NN intervals between 0.15 and 0.4 Hz,hrvhf,,,,,,,,
16 - Signal Processing/ECG/Heart Rate Variability/Frequency,Ratio of low to high frequency power,hrvlftohf,,,,,,,,
